{"name": "SPO", "val_loss": 0.008804087358035737, "val_ROC_AUC": 0.9396444444444445, "val_PR_AUC": 0.9431623459324263, "val_crit_real_mean": -19.17445213317871, "val_crit_real_std": 2.958681038694936, "val_crit_sampled_mean": -12.753907922108969, "val_crit_sampled_std": 2.774317854318259, "crit_real": [-21.86273956298828, -22.254697799682617, -12.686415672302246, -19.89153289794922, -17.25185203552246, -17.282861709594727, -20.328340530395508, -14.73717975616455, -17.772113800048828, -21.515869140625, -21.355161666870117, -19.656524658203125, -18.32448959350586, -19.138490676879883, -22.94012451171875, -20.59353256225586, -17.982887268066406, -13.881826400756836, -20.421642303466797, -20.593753814697266, -20.913597106933594, -19.813034057617188, -19.952375411987305, -18.71212387084961, -20.443479537963867, -17.83489227294922, -22.469526290893555, -13.829547882080078, -22.3803768157959, -22.95458221435547, -18.80255126953125, -19.450483322143555, -22.024131774902344, -24.06934928894043, -19.203582763671875, -15.315446853637695, -24.267107009887695, -20.622119903564453, -19.550262451171875, -19.8156795501709, -14.909173011779785, -17.182279586791992, -23.239850997924805, -18.136564254760742, -23.460241317749023, -19.910457611083984, -20.72772979736328, -20.742067337036133, -21.398181915283203, -16.917219161987305, -17.81563949584961, -18.086061477661133, -22.109928131103516, -17.47266960144043, -18.2567138671875, -21.27431869506836, -20.38888168334961, -15.261483192443848, -22.78480339050293, -22.02342414855957, -18.971681594848633, -15.204306602478027, -15.74988079071045, -18.425439834594727, -19.523269653320312, -20.89623260498047, -18.17263412475586, -21.996217727661133, -22.940629959106445, -23.468006134033203, -18.877548217773438, -17.633533477783203, -22.241697311401367, -20.796768188476562, -21.654075622558594, -18.075639724731445, -21.620615005493164, -14.40441608428955, -18.57891845703125, -16.092365264892578, -21.784832000732422, -18.351097106933594, -22.499731063842773, -18.289541244506836, -14.289449691772461, -15.968698501586914, -20.8460750579834, -16.3923397064209, -19.95022964477539, -19.0587158203125, -14.070866584777832, -21.280479431152344, -17.59500503540039, -14.059062957763672, -19.126834869384766, -19.116506576538086, -13.856215476989746, -25.917327880859375, -18.586381912231445, -18.457735061645508, -23.647146224975586, -17.179533004760742, -18.193401336669922, -15.959291458129883, -26.57160758972168, -19.654096603393555, -17.44683265686035, -24.746017456054688, -19.014476776123047, -23.05343246459961, -18.352615356445312, -13.4530611038208, -14.85027027130127, -18.476791381835938, -20.61178970336914, -16.260761260986328, -21.185546875, -21.62842559814453, -15.595342636108398, -22.967456817626953, -18.47046661376953, -22.85266876220703, -14.435996055603027, -16.316661834716797, -14.874799728393555, -13.955692291259766, -14.407318115234375, -24.412630081176758, -15.493937492370605, -17.081571578979492, -15.453102111816406, -21.420204162597656, -15.380109786987305, -19.366167068481445, -20.86227035522461, -18.390796661376953, -23.178117752075195, -22.321834564208984, -20.071033477783203, -19.9425106048584, -23.4398193359375, -15.720551490783691, -19.869281768798828, -14.03857135772705, -17.608966827392578, -15.98288631439209, -18.881704330444336, -19.629150390625, -23.625579833984375, -20.020545959472656], "crit_sampled": [-15.708990097045898, -15.561841011047363, -5.752294063568115, -13.381564140319824, -11.719552993774414, -14.004700660705566, -10.070239067077637, -7.877167701721191, -14.42477035522461, -10.15462875366211, -11.72326374053955, -11.164738655090332, -11.857531547546387, -11.760075569152832, -19.06374740600586, -13.989391326904297, -9.911336898803711, -11.240955352783203, -13.526530265808105, -17.662776947021484, -11.937223434448242, -12.794757843017578, -11.954916954040527, -11.864441871643066, -16.847326278686523, -15.777514457702637, -10.44797134399414, -11.1690092086792, -17.78815269470215, -15.275396347045898, -15.316882133483887, -14.83117961883545, -16.81319236755371, -13.456554412841797, -10.735711097717285, -14.016145706176758, -12.525893211364746, -15.365017890930176, -14.565098762512207, -13.040862083435059, -11.722219467163086, -13.714766502380371, -11.940858840942383, -12.600074768066406, -15.412529945373535, -14.905433654785156, -14.337669372558594, -14.196345329284668, -16.254701614379883, -14.027212142944336, -8.858604431152344, -12.633137702941895, -11.5626220703125, -12.94352912902832, -10.711170196533203, -16.0289363861084, -13.80003547668457, -12.691364288330078, -18.900663375854492, -9.208857536315918, -17.09480857849121, -8.104525566101074, -10.799084663391113, -10.31440544128418, -8.386171340942383, -12.719971656799316, -16.523229598999023, -13.516530990600586, -15.96800422668457, -14.372652053833008, -13.636983871459961, -11.462713241577148, -13.462442398071289, -15.887535095214844, -12.615471839904785, -14.520415306091309, -9.788812637329102, -10.976545333862305, -11.366068840026855, -10.360042572021484, -15.969146728515625, -13.353137016296387, -11.19771957397461, -6.893469333648682, -9.540057182312012, -13.519723892211914, -17.274763107299805, -13.957273483276367, -18.238479614257812, -12.062249183654785, -8.087060928344727, -10.222970008850098, -11.157852172851562, -6.118803977966309, -12.06015396118164, -13.654499053955078, -9.287185668945312, -15.27232837677002, -14.260859489440918, -11.920790672302246, -12.5564546585083, -8.866868019104004, -14.13019847869873, -8.386786460876465, -16.91029167175293, -18.31283187866211, -8.991289138793945, -17.299448013305664, -13.76701545715332, -9.518319129943848, -11.441479682922363, -10.173629760742188, -10.074986457824707, -12.646830558776855, -13.443026542663574, -12.19078540802002, -11.56606674194336, -15.709218978881836, -13.264077186584473, -14.952705383300781, -9.92910099029541, -7.757939338684082, -12.035799026489258, -12.533933639526367, -9.36291790008545, -9.862465858459473, -10.175590515136719, -14.72862434387207, -9.799710273742676, -14.16952896118164, -11.284768104553223, -18.631103515625, -8.60834789276123, -13.749456405639648, -16.318281173706055, -9.38668155670166, -12.303149223327637, -11.71156120300293, -15.701878547668457, -16.097530364990234, -10.70642375946045, -10.437671661376953, -14.757988929748535, -10.873809814453125, -15.345273971557617, -11.589972496032715, -13.993634223937988, -9.433426856994629, -11.110367774963379, -17.031925201416016], "fpr": [0.0, 0.0, 0.0, 0.006666666666666667, 0.006666666666666667, 0.013333333333333334, 0.013333333333333334, 0.04, 0.04, 0.06, 0.06, 0.06666666666666667, 0.06666666666666667, 0.08, 0.08, 0.08666666666666667, 0.08666666666666667, 0.09333333333333334, 0.09333333333333334, 0.10666666666666667, 0.10666666666666667, 0.11333333333333333, 0.11333333333333333, 0.12666666666666668, 0.12666666666666668, 0.13333333333333333, 0.13333333333333333, 0.14, 0.14, 0.15333333333333332, 0.15333333333333332, 0.16, 0.16, 0.17333333333333334, 0.17333333333333334, 0.18, 0.18, 0.18666666666666668, 0.18666666666666668, 0.19333333333333333, 0.19333333333333333, 0.2, 0.2, 0.21333333333333335, 0.21333333333333335, 0.22, 0.22, 0.22666666666666666, 0.22666666666666666, 0.23333333333333334, 0.23333333333333334, 0.25333333333333335, 0.25333333333333335, 0.26, 0.26, 0.29333333333333333, 0.29333333333333333, 0.3, 0.3, 0.35333333333333333, 0.35333333333333333, 0.36666666666666664, 0.36666666666666664, 0.43333333333333335, 0.43333333333333335, 0.46, 0.46, 0.48, 0.48, 1.0],