{"name": "SPO", "val_loss": 0.0005011224401867128, "val_ROC_AUC": 0.9900444444444445, "val_PR_AUC": 0.9910663142227202, "val_crit_real_mean": -19.17445213317871, "val_crit_real_std": 2.958681038694936, "val_crit_sampled_mean": -10.16996691584587, "val_crit_sampled_std": 2.797710973498895, "crit_real": [-21.86273956298828, -22.254697799682617, -12.686415672302246, -19.89153289794922, -17.25185203552246, -17.282861709594727, -20.328340530395508, -14.73717975616455, -17.772113800048828, -21.515869140625, -21.355161666870117, -19.656524658203125, -18.32448959350586, -19.138490676879883, -22.94012451171875, -20.59353256225586, -17.982887268066406, -13.881826400756836, -20.421642303466797, -20.593753814697266, -20.913597106933594, -19.813034057617188, -19.952375411987305, -18.71212387084961, -20.443479537963867, -17.83489227294922, -22.469526290893555, -13.829547882080078, -22.3803768157959, -22.95458221435547, -18.80255126953125, -19.450483322143555, -22.024131774902344, -24.06934928894043, -19.203582763671875, -15.315446853637695, -24.267107009887695, -20.622119903564453, -19.550262451171875, -19.8156795501709, -14.909173011779785, -17.182279586791992, -23.239850997924805, -18.136564254760742, -23.460241317749023, -19.910457611083984, -20.72772979736328, -20.742067337036133, -21.398181915283203, -16.917219161987305, -17.81563949584961, -18.086061477661133, -22.109928131103516, -17.47266960144043, -18.2567138671875, -21.27431869506836, -20.38888168334961, -15.261483192443848, -22.78480339050293, -22.02342414855957, -18.971681594848633, -15.204306602478027, -15.74988079071045, -18.425439834594727, -19.523269653320312, -20.89623260498047, -18.17263412475586, -21.996217727661133, -22.940629959106445, -23.468006134033203, -18.877548217773438, -17.633533477783203, -22.241697311401367, -20.796768188476562, -21.654075622558594, -18.075639724731445, -21.620615005493164, -14.40441608428955, -18.57891845703125, -16.092365264892578, -21.784832000732422, -18.351097106933594, -22.499731063842773, -18.289541244506836, -14.289449691772461, -15.968698501586914, -20.8460750579834, -16.3923397064209, -19.95022964477539, -19.0587158203125, -14.070866584777832, -21.280479431152344, -17.59500503540039, -14.059062957763672, -19.126834869384766, -19.116506576538086, -13.856215476989746, -25.917327880859375, -18.586381912231445, -18.457735061645508, -23.647146224975586, -17.179533004760742, -18.193401336669922, -15.959291458129883, -26.57160758972168, -19.654096603393555, -17.44683265686035, -24.746017456054688, -19.014476776123047, -23.05343246459961, -18.352615356445312, -13.4530611038208, -14.85027027130127, -18.476791381835938, -20.61178970336914, -16.260761260986328, -21.185546875, -21.62842559814453, -15.595342636108398, -22.967456817626953, -18.47046661376953, -22.85266876220703, -14.435996055603027, -16.316661834716797, -14.874799728393555, -13.955692291259766, -14.407318115234375, -24.412630081176758, -15.493937492370605, -17.081571578979492, -15.453102111816406, -21.420204162597656, -15.380109786987305, -19.366167068481445, -20.86227035522461, -18.390796661376953, -23.178117752075195, -22.321834564208984, -20.071033477783203, -19.9425106048584, -23.4398193359375, -15.720551490783691, -19.869281768798828, -14.03857135772705, -17.608966827392578, -15.98288631439209, -18.881704330444336, -19.629150390625, -23.625579833984375, -20.020545959472656], "crit_sampled": [-9.131686210632324, -8.416681289672852, -7.586124420166016, -12.658949851989746, -6.2123212814331055, -8.532574653625488, -10.941295623779297, -9.560233116149902, -12.849308967590332, -8.5789794921875, -9.198822021484375, -11.419281005859375, -8.799365043640137, -11.583308219909668, -11.812731742858887, -12.832480430603027, -7.440398693084717, -7.331040859222412, -9.768057823181152, -14.088859558105469, -10.172269821166992, -13.771344184875488, -8.386658668518066, -9.297348976135254, -13.941500663757324, -12.462288856506348, -12.48243522644043, -8.694826126098633, -11.379002571105957, -7.237710475921631, -8.855587005615234, -11.016472816467285, -12.9233980178833, -0.31131917238235474, -9.02573013305664, -3.3265910148620605, -11.022741317749023, -11.057618141174316, -9.816320419311523, -8.814920425415039, -8.968255043029785, -3.037874937057495, -15.829095840454102, -11.938518524169922, -17.364585876464844, -6.67071533203125, -12.388797760009766, -10.242266654968262, -13.363239288330078, -9.174771308898926, -11.632380485534668, -7.61068868637085, -8.214546203613281, -13.112444877624512, -9.83903980255127, -13.01417064666748, -12.58975601196289, -5.588581562042236, -13.125144004821777, -8.595818519592285, -12.992703437805176, -8.603936195373535, -6.862084865570068, -8.266317367553711, -6.287410736083984, -9.939373970031738, -17.226186752319336, -8.667804718017578, -10.989121437072754, -11.894969940185547, -14.19407844543457, -9.35820198059082, -11.527313232421875, -11.025879859924316, -11.013802528381348, -13.202377319335938, -11.919249534606934, -13.755162239074707, -10.307089805603027, -9.662737846374512, -13.3815279006958, -7.939102649688721, -11.809477806091309, -12.602474212646484, -10.497852325439453, -12.313573837280273, -5.5416340827941895, -11.879351615905762, -8.563929557800293, -10.503172874450684, -8.965238571166992, -12.690652847290039, -9.839215278625488, -8.610556602478027, -9.23414421081543, -9.225397109985352, -9.33324146270752, -11.960257530212402, -11.165155410766602, -9.512479782104492, -7.556081295013428, -6.848235130310059, -14.230552673339844, -7.328843593597412, -10.236804962158203, -5.64373254776001, -9.188467979431152, -10.9348726272583, -13.804315567016602, -11.374889373779297, -9.328374862670898, -9.647192001342773, -4.051762580871582, -12.000354766845703, -9.795581817626953, -11.825712203979492, -14.809886932373047, -14.50853443145752, -8.504276275634766, -8.903732299804688, -7.003909111022949, -11.709385871887207, -9.897672653198242, -8.995223999023438, -4.093594551086426, -2.4816672801971436, -8.0516996383667, -16.28107452392578, -11.860527038574219, -8.277990341186523, -12.418078422546387, -8.387954711914062, -9.006370544433594, -12.604783058166504, -11.96224308013916, -13.748329162597656, -11.412520408630371, -14.442631721496582, -8.379206657409668, -12.649518013000488, -10.204972267150879, -8.456107139587402, -10.0691556930542, -8.737186431884766, -10.968907356262207, -8.471576690673828, -12.480198860168457, -7.701359748840332, -8.83183765411377, -7.083637237548828], "fpr": [0.0, 0.0, 0.0, 0.006666666666666667, 0.006666666666666667, 0.013333333333333334, 0.013333333333333334, 0.03333333333333333, 0.03333333333333333, 0.06, 0.06, 0.08666666666666667, 0.08666666666666667, 0.09333333333333334, 0.09333333333333334, 0.17333333333333334, 0.17333333333333334, 0.20666666666666667, 0.20666666666666667, 0.24666666666666667, 0.24666666666666667, 0.26, 0.26, 1.0], "tpr": [0.0, 0.006666666666666667, 0.8266666666666667, 0.8266666666666667, 0.9, 0.9, 0.9266666666666666, 0.9266666666666666, 0.9333333333333333, 0.9333333333333333, 0.9533333333333334, 0.9533333333333334, 0.9666666666666667, 0.9666666666666667, 0.9733333333333334, 0.9733333333333334, 0.98, 0.98, 0.9866666666666667, 0.9866666666666667, 0.9933333333333333, 0.9933333333333333, 1.0, 1.0]}