{"name": "SPO", "val_loss": 6.826520814266231e-05, "val_ROC_AUC": 0.9999111111111111, "val_PR_AUC": 0.9999111091357149, "val_crit_real_mean": -19.842594585418702, "val_crit_real_std": 2.8889302729367805, "val_crit_sampled_mean": -6.357085536321004, "val_crit_sampled_std": 1.8666657441218928, "crit_real": [-16.849946975708008, -13.75210952758789, -16.821083068847656, -19.808265686035156, -22.254804611206055, -22.703405380249023, -13.76939868927002, -20.144207000732422, -21.57221031188965, -19.359548568725586, -20.01849365234375, -19.667028427124023, -12.620797157287598, -20.911415100097656, -14.94586181640625, -22.583755493164062, -14.955755233764648, -20.950923919677734, -18.005027770996094, -22.530689239501953, -20.455984115600586, -16.957494735717773, -19.202272415161133, -17.00421714782715, -20.6949462890625, -17.2143497467041, -24.812959671020508, -20.756132125854492, -21.222980499267578, -16.977420806884766, -24.410619735717773, -22.2154598236084, -19.040390014648438, -14.058271408081055, -19.218843460083008, -22.59563636779785, -19.923999786376953, -19.806529998779297, -19.80133819580078, -18.351245880126953, -17.895132064819336, -20.836450576782227, -21.07889747619629, -19.769121170043945, -22.544275283813477, -18.41316032409668, -19.31205177307129, -20.905696868896484, -25.077362060546875, -18.926799774169922, -21.53911781311035, -14.90418815612793, -21.300384521484375, -14.705069541931152, -21.091999053955078, -17.365001678466797, -24.356000900268555, -21.64212417602539, -21.861026763916016, -14.536888122558594, -23.495281219482422, -20.972890853881836, -19.437021255493164, -20.047800064086914, -16.34796142578125, -17.471662521362305, -16.510452270507812, -23.89400863647461, -19.94462776184082, -21.374555587768555, -19.049549102783203, -16.004518508911133, -24.65889549255371, -20.485593795776367, -20.81620979309082, -20.202777862548828, -22.068578720092773, -21.880704879760742, -22.259950637817383, -20.667617797851562, -21.453819274902344, -17.636857986450195, -19.379077911376953, -14.381052017211914, -20.829242706298828, -21.766212463378906, -19.52393341064453, -18.41050910949707, -18.775819778442383, -25.047866821289062, -21.546789169311523, -18.556974411010742, -23.51953125, -23.234472274780273, -18.840253829956055, -10.821581840515137, -21.54814910888672, -22.710952758789062, -21.567485809326172, -15.922605514526367, -19.81624412536621, -23.28684425354004, -25.076677322387695, -19.745033264160156, -21.976966857910156, -20.269166946411133, -19.53569221496582, -14.52912712097168, -16.155139923095703, -19.410688400268555, -20.88796043395996, -22.113080978393555, -22.291990280151367, -23.154539108276367, -20.989423751831055, -25.429052352905273, -16.257810592651367, -21.8699893951416, -22.6230411529541, -19.89940643310547, -19.5761775970459, -23.51176643371582, -19.037944793701172, -15.397921562194824, -17.983644485473633, -17.852922439575195, -23.68143081665039, -21.99863052368164, -20.76495933532715, -18.467206954956055, -14.666910171508789, -21.88914680480957, -17.113664627075195, -24.725732803344727, -19.369857788085938, -24.30660629272461, -18.924468994140625, -24.124500274658203, -22.872936248779297, -17.599733352661133, -18.480131149291992, -19.415756225585938, -14.882162094116211, -21.128713607788086, -17.865930557250977, -20.8414306640625, -16.34906005859375, -19.410385131835938, -18.38736915588379, -20.373798370361328], "crit_sampled": [-4.480671405792236, -4.074751853942871, -5.441524982452393, -5.0067572593688965, -5.355989933013916, -4.368969917297363, -3.440002918243408, -6.915768146514893, -7.406393527984619, -9.484789848327637, -4.470126152038574, -6.986641883850098, -3.510241746902466, -4.393057346343994, -7.5488104820251465, -10.438252449035645, -7.037517070770264, -8.545563697814941, -5.218808650970459, -6.886742115020752, -5.852018356323242, -5.447051048278809, -7.341182708740234, -2.484377145767212, -7.683993339538574, -5.168057441711426, -6.802962303161621, -6.504165172576904, -9.08112621307373, -7.61994743347168, -9.135692596435547, -7.818405628204346, -7.400506019592285, -3.747882604598999, -7.958312034606934, -5.144901275634766, -5.963436603546143, -6.693059921264648, -5.884582996368408, -5.5625176429748535, -7.155117511749268, -8.81108570098877, -6.289424419403076, -3.087916374206543, -7.9085540771484375, -8.2809476852417, -6.800836086273193, -8.44316291809082, -8.237798690795898, -2.817131757736206, -7.844976425170898, -5.73548698425293, -6.087121486663818, -5.914003849029541, -6.734229564666748, -6.121802806854248, -6.54652738571167, -7.343446731567383, -7.605018615722656, -2.5954105854034424, -6.19738245010376, -8.389910697937012, -5.2344183921813965, -6.001978397369385, -5.4655375480651855, -5.3231611251831055, -2.9746479988098145, -8.370830535888672, -6.084705829620361, -6.4575347900390625, -7.248208999633789, -3.8686559200286865, -10.264054298400879, -4.885621547698975, -9.556805610656738, -2.571690320968628, -6.950271129608154, -7.516087055206299, -7.038430213928223, -6.993493556976318, -4.50764274597168, -6.351311206817627, -7.602455139160156, -4.772796154022217, -4.948111534118652, -6.646114349365234, -5.973890781402588, -2.799467086791992, -5.603000164031982, -6.159965515136719, -5.854671955108643, -4.359966278076172, -9.142064094543457, -6.38206672668457, -7.262184143066406, -2.64725399017334, -7.3682122230529785, -8.169540405273438, -7.294783115386963, -3.2456459999084473, -5.986743450164795, -10.951770782470703, -7.50133752822876, -5.388764381408691, -6.822854995727539, -5.7670578956604, -5.403013706207275, -2.670572519302368, -7.5926384925842285, -4.098023414611816, -6.061343193054199, -8.59955883026123, -11.933541297912598, -7.676671504974365, -5.414717197418213, -7.049674987792969, -4.363265514373779, -8.195363998413086, -5.844639778137207, -8.397451400756836, -5.136755466461182, -8.677632331848145, -6.673427104949951, -4.3617448806762695, -6.665947437286377, -5.112969398498535, -8.691780090332031, -9.756124496459961, -4.602832317352295, -6.164819240570068, -6.278715133666992, -7.042422294616699, -9.720093727111816, -9.30455493927002, -7.778613090515137, -6.466108322143555, -4.808782577514648, -4.5284013748168945, -8.507749557495117, -7.496559143066406, -5.390270709991455, -5.3203325271606445, -6.075201511383057, -6.949539661407471, -5.822061061859131, -6.356925964355469, -2.5386159420013428, -3.2039592266082764, -6.492489337921143, -6.7682671546936035], "fpr": [0.0, 0.0, 0.0, 0.006666666666666667, 0.006666666666666667, 1.0], "tpr": [0.0, 0.006666666666666667, 0.9866666666666667, 0.9866666666666667, 1.0, 1.0]}