{"name": "SPO", "val_loss": 0.00030232155194375094, "val_ROC_AUC": 0.9988444444444444, "val_PR_AUC": 0.9989191121478495, "val_crit_real_mean": -19.17445213317871, "val_crit_real_std": 2.958681038694936, "val_crit_sampled_mean": -8.382598582903544, "val_crit_sampled_std": 2.0181548057565126, "crit_real": [-21.86273956298828, -22.254697799682617, -12.686415672302246, -19.89153289794922, -17.25185203552246, -17.282861709594727, -20.328340530395508, -14.73717975616455, -17.772113800048828, -21.515869140625, -21.355161666870117, -19.656524658203125, -18.32448959350586, -19.138490676879883, -22.94012451171875, -20.59353256225586, -17.982887268066406, -13.881826400756836, -20.421642303466797, -20.593753814697266, -20.913597106933594, -19.813034057617188, -19.952375411987305, -18.71212387084961, -20.443479537963867, -17.83489227294922, -22.469526290893555, -13.829547882080078, -22.3803768157959, -22.95458221435547, -18.80255126953125, -19.450483322143555, -22.024131774902344, -24.06934928894043, -19.203582763671875, -15.315446853637695, -24.267107009887695, -20.622119903564453, -19.550262451171875, -19.8156795501709, -14.909173011779785, -17.182279586791992, -23.239850997924805, -18.136564254760742, -23.460241317749023, -19.910457611083984, -20.72772979736328, -20.742067337036133, -21.398181915283203, -16.917219161987305, -17.81563949584961, -18.086061477661133, -22.109928131103516, -17.47266960144043, -18.2567138671875, -21.27431869506836, -20.38888168334961, -15.261483192443848, -22.78480339050293, -22.02342414855957, -18.971681594848633, -15.204306602478027, -15.74988079071045, -18.425439834594727, -19.523269653320312, -20.89623260498047, -18.17263412475586, -21.996217727661133, -22.940629959106445, -23.468006134033203, -18.877548217773438, -17.633533477783203, -22.241697311401367, -20.796768188476562, -21.654075622558594, -18.075639724731445, -21.620615005493164, -14.40441608428955, -18.57891845703125, -16.092365264892578, -21.784832000732422, -18.351097106933594, -22.499731063842773, -18.289541244506836, -14.289449691772461, -15.968698501586914, -20.8460750579834, -16.3923397064209, -19.95022964477539, -19.0587158203125, -14.070866584777832, -21.280479431152344, -17.59500503540039, -14.059062957763672, -19.126834869384766, -19.116506576538086, -13.856215476989746, -25.917327880859375, -18.586381912231445, -18.457735061645508, -23.647146224975586, -17.179533004760742, -18.193401336669922, -15.959291458129883, -26.57160758972168, -19.654096603393555, -17.44683265686035, -24.746017456054688, -19.014476776123047, -23.05343246459961, -18.352615356445312, -13.4530611038208, -14.85027027130127, -18.476791381835938, -20.61178970336914, -16.260761260986328, -21.185546875, -21.62842559814453, -15.595342636108398, -22.967456817626953, -18.47046661376953, -22.85266876220703, -14.435996055603027, -16.316661834716797, -14.874799728393555, -13.955692291259766, -14.407318115234375, -24.412630081176758, -15.493937492370605, -17.081571578979492, -15.453102111816406, -21.420204162597656, -15.380109786987305, -19.366167068481445, -20.86227035522461, -18.390796661376953, -23.178117752075195, -22.321834564208984, -20.071033477783203, -19.9425106048584, -23.4398193359375, -15.720551490783691, -19.869281768798828, -14.03857135772705, -17.608966827392578, -15.98288631439209, -18.881704330444336, -19.629150390625, -23.625579833984375, -20.020545959472656], "crit_sampled": [-9.366314888000488, -9.980629920959473, -3.9534976482391357, -7.7905659675598145, -5.829631328582764, -7.06025505065918, -11.502455711364746, -6.64932918548584, -10.744667053222656, -7.659214019775391, -9.429426193237305, -8.878949165344238, -7.740103244781494, -7.1026105880737305, -8.979270935058594, -8.098299026489258, -7.452709197998047, -7.625691890716553, -11.119454383850098, -9.129423141479492, -9.378591537475586, -8.731790542602539, -8.037394523620605, -6.494010925292969, -10.07076358795166, -8.566239356994629, -10.374642372131348, -8.738936424255371, -9.856191635131836, -8.582585334777832, -7.6197686195373535, -8.137421607971191, -6.274651050567627, -11.46956729888916, -9.465095520019531, -8.236991882324219, -10.514510154724121, -8.534095764160156, -7.904401779174805, -6.295078754425049, -7.951427936553955, -9.079694747924805, -8.672086715698242, -7.426614761352539, -9.399686813354492, -7.938740253448486, -6.692346096038818, -8.516738891601562, -8.208660125732422, -8.944903373718262, -9.69248104095459, -5.541801452636719, -9.07923698425293, -6.458994388580322, -8.489529609680176, -10.955330848693848, -9.824957847595215, -5.265231132507324, -9.07867431640625, -8.721423149108887, -6.9446516036987305, -7.125589370727539, -8.314875602722168, -6.80056095123291, -9.830326080322266, -6.343286514282227, -10.506031036376953, -9.729140281677246, -8.94503402709961, -12.452555656433105, -10.236443519592285, -9.579758644104004, -13.830677032470703, -9.160083770751953, -9.310300827026367, -6.2367424964904785, -7.659873008728027, -7.022831916809082, -8.253010749816895, -5.517218589782715, -8.341696739196777, -7.658148765563965, -9.385721206665039, -8.948326110839844, -6.891785144805908, -6.149106502532959, -6.848257541656494, -7.779273509979248, -7.840016841888428, -7.517396926879883, -5.646427631378174, -9.628746032714844, -10.304977416992188, -5.366560935974121, -6.016009330749512, -6.397985935211182, -5.379552364349365, -15.005460739135742, -5.949880123138428, -10.281641960144043, -12.815146446228027, -7.627363681793213, -6.20537805557251, -6.608578681945801, -9.921952247619629, -12.57535457611084, -9.714347839355469, -13.856107711791992, -8.38810920715332, -9.508126258850098, -7.737357139587402, -7.2670207023620605, -6.279891014099121, -6.649356365203857, -8.580121994018555, -10.6094388961792, -11.682080268859863, -11.681102752685547, -6.7296037673950195, -9.180537223815918, -8.233413696289062, -7.577668190002441, -4.624313831329346, -9.190759658813477, -6.419726848602295, -7.103787899017334, -2.889035701751709, -13.747210502624512, -6.814211368560791, -8.276124000549316, -5.1942548751831055, -6.035375118255615, -9.657383918762207, -7.372008800506592, -9.713859558105469, -7.95945930480957, -10.638429641723633, -8.307597160339355, -7.804375171661377, -9.50951099395752, -8.967412948608398, -6.020835876464844, -10.279126167297363, -9.011401176452637, -8.39238452911377, -5.005239963531494, -8.08118724822998, -4.206973075866699, -10.798569679260254, -9.491424560546875], "fpr": [0.0, 0.0, 0.0, 0.006666666666666667, 0.006666666666666667, 0.013333333333333334, 0.013333333333333334, 0.02, 0.02, 0.11333333333333333, 0.11333333333333333, 1.0], "tpr": [0.0, 0.006666666666666667, 0.9666666666666667, 0.9666666666666667, 0.9733333333333334, 0.9733333333333334, 0.98, 0.98, 0.9933333333333333, 0.9933333333333333, 1.0, 1.0]}