{"name": "SPO", "val_loss": 0.01808473496429845, "val_ROC_AUC": 0.7995111111111112, "val_PR_AUC": 0.7961344257529459, "val_crit_real_mean": -19.17445213317871, "val_crit_real_std": 2.958681038694936, "val_crit_sampled_mean": -15.708975950876871, "val_crit_sampled_std": 2.715122540569932, "crit_real": [-21.86273956298828, -22.254697799682617, -12.686415672302246, -19.89153289794922, -17.25185203552246, -17.282861709594727, -20.328340530395508, -14.73717975616455, -17.772113800048828, -21.515869140625, -21.355161666870117, -19.656524658203125, -18.32448959350586, -19.138490676879883, -22.94012451171875, -20.59353256225586, -17.982887268066406, -13.881826400756836, -20.421642303466797, -20.593753814697266, -20.913597106933594, -19.813034057617188, -19.952375411987305, -18.71212387084961, -20.443479537963867, -17.83489227294922, -22.469526290893555, -13.829547882080078, -22.3803768157959, -22.95458221435547, -18.80255126953125, -19.450483322143555, -22.024131774902344, -24.06934928894043, -19.203582763671875, -15.315446853637695, -24.267107009887695, -20.622119903564453, -19.550262451171875, -19.8156795501709, -14.909173011779785, -17.182279586791992, -23.239850997924805, -18.136564254760742, -23.460241317749023, -19.910457611083984, -20.72772979736328, -20.742067337036133, -21.398181915283203, -16.917219161987305, -17.81563949584961, -18.086061477661133, -22.109928131103516, -17.47266960144043, -18.2567138671875, -21.27431869506836, -20.38888168334961, -15.261483192443848, -22.78480339050293, -22.02342414855957, -18.971681594848633, -15.204306602478027, -15.74988079071045, -18.425439834594727, -19.523269653320312, -20.89623260498047, -18.17263412475586, -21.996217727661133, -22.940629959106445, -23.468006134033203, -18.877548217773438, -17.633533477783203, -22.241697311401367, -20.796768188476562, -21.654075622558594, -18.075639724731445, -21.620615005493164, -14.40441608428955, -18.57891845703125, -16.092365264892578, -21.784832000732422, -18.351097106933594, -22.499731063842773, -18.289541244506836, -14.289449691772461, -15.968698501586914, -20.8460750579834, -16.3923397064209, -19.95022964477539, -19.0587158203125, -14.070866584777832, -21.280479431152344, -17.59500503540039, -14.059062957763672, -19.126834869384766, -19.116506576538086, -13.856215476989746, -25.917327880859375, -18.586381912231445, -18.457735061645508, -23.647146224975586, -17.179533004760742, -18.193401336669922, -15.959291458129883, -26.57160758972168, -19.654096603393555, -17.44683265686035, -24.746017456054688, -19.014476776123047, -23.05343246459961, -18.352615356445312, -13.4530611038208, -14.85027027130127, -18.476791381835938, -20.61178970336914, -16.260761260986328, -21.185546875, -21.62842559814453, -15.595342636108398, -22.967456817626953, -18.47046661376953, -22.85266876220703, -14.435996055603027, -16.316661834716797, -14.874799728393555, -13.955692291259766, -14.407318115234375, -24.412630081176758, -15.493937492370605, -17.081571578979492, -15.453102111816406, -21.420204162597656, -15.380109786987305, -19.366167068481445, -20.86227035522461, -18.390796661376953, -23.178117752075195, -22.321834564208984, -20.071033477783203, -19.9425106048584, -23.4398193359375, -15.720551490783691, -19.869281768798828, -14.03857135772705, -17.608966827392578, -15.98288631439209, -18.881704330444336, -19.629150390625, -23.625579833984375, -20.020545959472656], "crit_sampled": [-16.503108978271484, -16.20102882385254, -9.71076774597168, -18.630525588989258, -14.502872467041016, -14.8128080368042, -12.94572925567627, -11.03377914428711, -16.26068115234375, -17.65163230895996, -18.780256271362305, -13.62031078338623, -14.22337818145752, -15.173262596130371, -20.015480041503906, -16.935945510864258, -14.504583358764648, -12.474566459655762, -18.744577407836914, -17.121919631958008, -16.92672348022461, -18.448562622070312, -13.200572967529297, -14.276459693908691, -17.962308883666992, -16.45346450805664, -20.190738677978516, -12.371269226074219, -23.283214569091797, -15.035774230957031, -18.07701301574707, -15.712875366210938, -18.159622192382812, -18.777626037597656, -14.61455249786377, -12.955574035644531, -21.19877052307129, -18.118867874145508, -17.194276809692383, -15.380356788635254, -13.038596153259277, -12.981241226196289, -17.05154037475586, -14.974438667297363, -20.01850128173828, -17.93853759765625, -16.3609619140625, -11.326397895812988, -17.463455200195312, -13.624645233154297, -15.380175590515137, -13.084601402282715, -15.94003677368164, -15.940717697143555, -13.64501667022705, -15.186745643615723, -17.243019104003906, -12.616310119628906, -16.25409507751465, -15.904314994812012, -19.306529998779297, -12.961597442626953, -11.255048751831055, -13.655879020690918, -13.372879981994629, -16.886381149291992, -17.36662483215332, -15.155792236328125, -17.860387802124023, -17.75201988220215, -15.530670166015625, -11.635663032531738, -18.5914363861084, -20.265239715576172, -17.652498245239258, -14.055219650268555, -17.435619354248047, -13.94870376586914, -15.590842247009277, -12.719742774963379, -20.540740966796875, -17.33462905883789, -16.465261459350586, -16.751893997192383, -13.730113983154297, -15.423823356628418, -19.45686149597168, -16.078256607055664, -17.767871856689453, -16.280500411987305, -12.076583862304688, -15.172123908996582, -16.632328033447266, -11.911805152893066, -12.651886940002441, -16.105613708496094, -10.045211791992188, -18.583065032958984, -15.690272331237793, -16.25545883178711, -18.98038101196289, -12.549260139465332, -16.203887939453125, -12.130197525024414, -21.809484481811523, -14.990022659301758, -13.041839599609375, -21.527889251708984, -15.899735450744629, -20.296154022216797, -15.501883506774902, -12.065001487731934, -10.404720306396484, -12.633203506469727, -17.141508102416992, -13.04883861541748, -16.67451286315918, -18.888734817504883, -9.660831451416016, -17.808181762695312, -13.303339958190918, -17.40487289428711, -16.50826072692871, -13.521064758300781, -11.089154243469238, -12.066421508789062, -13.527510643005371, -19.06444549560547, -16.41042709350586, -13.176602363586426, -14.973187446594238, -14.309355735778809, -13.980088233947754, -14.439559936523438, -20.272794723510742, -17.72556495666504, -15.930895805358887, -21.17684555053711, -14.9857759475708, -15.622174263000488, -16.098417282104492, -16.084522247314453, -18.410215377807617, -11.435803413391113, -14.43107795715332, -10.864444732666016, -16.485265731811523, -17.080123901367188, -16.17707633972168, -16.422569274902344],