{"name": "SPO", "val_loss": 0.023774777927825806, "val_ROC_AUC": 0.8836, "val_PR_AUC": 0.8980431598209705, "val_crit_real_mean": -17.226126918792726, "val_crit_real_std": 3.0113940405473647, "val_crit_sampled_mean": -11.877494433720907, "val_crit_sampled_std": 3.253514177267453, "crit_real": [-15.235342025756836, -19.421056747436523, -21.74953269958496, -18.375394821166992, -17.376291275024414, -15.696142196655273, -16.8627872467041, -16.29466438293457, -19.169986724853516, -20.46396827697754, -15.381132125854492, -15.180376052856445, -17.22307777404785, -20.738895416259766, -16.340660095214844, -14.629602432250977, -19.43501091003418, -15.29676342010498, -21.186107635498047, -16.32538414001465, -19.242652893066406, -13.257889747619629, -11.0614595413208, -19.06966781616211, -14.271440505981445, -23.880077362060547, -19.380617141723633, -14.715261459350586, -15.167922973632812, -13.332722663879395, -18.29142951965332, -9.603785514831543, -22.690078735351562, -16.20025634765625, -19.273759841918945, -18.100704193115234, -19.011348724365234, -12.707096099853516, -19.160558700561523, -20.652294158935547, -14.861798286437988, -17.848661422729492, -13.807602882385254, -12.067503929138184, -16.02218246459961, -17.561195373535156, -10.22252082824707, -17.515769958496094, -16.29020118713379, -18.816410064697266, -12.398056030273438, -19.88887596130371, -14.57882308959961, -13.705163955688477, -15.902936935424805, -18.085004806518555, -19.529308319091797, -13.997843742370605, -20.565147399902344, -11.300130844116211, -14.915934562683105, -15.121960639953613, -20.15772247314453, -21.133682250976562, -17.846939086914062, -17.75381851196289, -19.814653396606445, -15.059287071228027, -11.447380065917969, -15.475340843200684, -15.64557933807373, -16.197917938232422, -15.808793067932129, -16.988101959228516, -18.975994110107422, -14.535629272460938, -17.934804916381836, -14.094844818115234, -21.170927047729492, -21.428789138793945, -24.367408752441406, -15.824800491333008, -15.639993667602539, -18.039175033569336, -20.424955368041992, -17.528789520263672, -22.3568115234375, -15.724323272705078, -18.88247299194336, -22.889373779296875, -22.89521598815918, -15.706467628479004, -18.789897918701172, -18.436786651611328, -14.338651657104492, -12.804877281188965, -13.44046688079834, -16.79596519470215, -17.08065414428711, -17.805269241333008, -17.725515365600586, -15.963478088378906, -15.66623306274414, -17.103750228881836, -15.343844413757324, -16.205738067626953, -15.649895668029785, -16.12347984313965, -18.722309112548828, -14.518378257751465, -15.185420989990234, -16.866666793823242, -20.29643440246582, -18.263242721557617, -20.590660095214844, -19.638423919677734, -23.183975219726562, -15.565794944763184, -18.54508399963379, -12.432268142700195, -19.18682289123535, -12.740427017211914, -17.995498657226562, -22.671485900878906, -14.802669525146484, -23.383630752563477, -23.304367065429688, -16.697860717773438, -13.143878936767578, -21.733972549438477, -12.740468978881836, -13.653721809387207, -20.52884864807129, -16.690719604492188, -18.051713943481445, -15.592668533325195, -21.486347198486328, -17.925743103027344, -18.98248291015625, -16.04836082458496, -21.345932006835938, -13.972209930419922, -18.04909324645996, -15.871109962463379, -21.06368064880371, -18.871946334838867, -15.500064849853516, -15.069748878479004, -17.63117790222168, -17.892995834350586], "crit_sampled": [-10.100761413574219, -19.9122314453125, -12.188998222351074, -10.277787208557129, -10.642278671264648, -8.749143600463867, -6.226943016052246, -13.307409286499023, -6.086137771606445, -11.880316734313965, -10.433065414428711, -8.349863052368164, -14.000154495239258, -12.05921745300293, -11.147900581359863, -15.879263877868652, -15.973794937133789, -12.041114807128906, -11.089180946350098, -14.587162971496582, -9.143584251403809, -5.963226318359375, -8.771265029907227, -11.645341873168945, -8.413074493408203, -15.262819290161133, -14.734753608703613, -13.72861385345459, -15.066201210021973, -10.07800579071045, -15.774805068969727, -7.489833831787109, -10.394116401672363, -7.668032169342041, -12.019600868225098, -10.56704044342041, -11.426493644714355, -8.253422737121582, -11.40605354309082, -13.657837867736816, -10.781591415405273, -16.836910247802734, -7.652075290679932, -10.393906593322754, -10.220459938049316, -14.453653335571289, -9.214874267578125, -8.297682762145996, -13.674823760986328, -9.714202880859375, -11.836034774780273, -11.440017700195312, -13.854190826416016, -12.635437965393066, -9.463822364807129, -18.273359298706055, -16.00065803527832, -10.290919303894043, -20.222780227661133, -11.518157005310059, -13.605487823486328, -9.14756965637207, -11.157743453979492, -15.779014587402344, -12.296142578125, -15.785706520080566, -8.90103816986084, -12.21943473815918, -9.542283058166504, -9.946256637573242, -7.2639288902282715, -8.367278099060059, -12.075307846069336, -6.45881986618042, -12.924267768859863, -9.499374389648438, -8.466760635375977, -14.563078880310059, -13.994094848632812, -13.029090881347656, -21.144458770751953, -13.524431228637695, -6.655930519104004, -13.705333709716797, -13.152307510375977, -15.276762962341309, -15.074454307556152, -11.710673332214355, -18.125749588012695, -10.589909553527832, -15.48880386352539, -10.027048110961914, -8.854269981384277, -12.470406532287598, -10.459843635559082, -8.905770301818848, -11.252243041992188, -13.326510429382324, -9.973761558532715, -14.92349624633789, -9.335545539855957, -13.595733642578125, -16.618833541870117, -13.407623291015625, -6.158198356628418, -12.38581371307373, -15.573396682739258, -13.082184791564941, -12.833331108093262, -9.482604026794434, -11.266108512878418, -8.416949272155762, -10.49255657196045, -15.964658737182617, -12.905074119567871, -8.708161354064941, -21.663305282592773, -12.400784492492676, -17.698413848876953, -9.82096004486084, -7.409021854400635, -14.714844703674316, -11.774460792541504, -9.413743019104004, -5.791478157043457, -18.278091430664062, -13.819829940795898, -12.346118927001953, -10.701905250549316, -15.576114654541016, -8.052302360534668, -9.767679214477539, -11.73879337310791, -11.22492790222168, -7.945897102355957, -12.103721618652344, -18.60730743408203, -12.015719413757324, -14.088555335998535, -10.298127174377441, -17.270217895507812, -9.743987083435059, -15.202034950256348, -7.980034828186035, -13.315555572509766, -8.145878791809082, -6.78537654876709, -12.323832511901855, -10.476383209228516, -10.064736366271973], "fpr": [0.0, 0.0, 0.0, 0.006666666666666667, 0.006666666666666667, 0.013333333333333334, 0.013333333333333334, 0.02, 0.02, 0.02666666666666667, 0.02666666666666667, 0.03333333333333333, 0.03333333333333333, 0.04, 0.04, 0.04666666666666667, 0.04666666666666667, 0.05333333333333334, 0.05333333333333334, 0.08, 0.08, 0.08666666666666667, 0.08666666666666667, 0.09333333333333334, 0.09333333333333334, 0.1, 0.1, 0.10666666666666667, 0.10666666666666667, 0.11333333333333333, 0.11333333333333333, 0.12, 0.12, 0.12666666666666668, 0.12666666666666668, 0.13333333333333333, 0.13333333333333333, 0.14, 0.14, 0.16, 0.16, 0.17333333333333334, 0.17333333333333334, 0.18, 0.18, 0.18666666666666668, 0.18666666666666668, 0.19333333333333333, 0.19333333333333333, 0.21333333333333335, 0.21333333333333335, 0.22, 0.22, 0.22666666666666666, 0.22666666666666666, 0.25333333333333335, 0.25333333333333335, 0.26, 0.26, 0.2866666666666667, 0.2866666666666667, 0.3, 0.3, 0.35333333333333333, 0.35333333333333333, 0.37333333333333335, 0.37333333333333335, 0.38666666666666666, 0.38666666666666666, 0.4533333333333333, 0.4533333333333333, 0.47333333333333333, 0.47333333333333333, 0.5133333333333333, 0.5133333333333333, 0.5466666666666666, 0.5466666666666666, 0.64, 0.64, 0.6466666666666666, 0.6466666666666666, 0.6733333333333333, 0.6733333333333333, 0.8133333333333334, 0.8133333333333334, 0.82, 0.82, 0.8866666666666667, 0.8866666666666667, 0.92, 0.92, 1.0],