{"name": "SPO", "val_loss": 0.1042975056899013, "val_ROC_AUC": 0.8138222222222222, "val_PR_AUC": 0.8150219896899134, "val_crit_real_mean": -17.226126918792726, "val_crit_real_std": 3.0113940405473647, "val_crit_sampled_mean": -13.475803667704264, "val_crit_sampled_std": 2.978336662809734, "crit_real": [-15.235342025756836, -19.421056747436523, -21.74953269958496, -18.375394821166992, -17.376291275024414, -15.696142196655273, -16.8627872467041, -16.29466438293457, -19.169986724853516, -20.46396827697754, -15.381132125854492, -15.180376052856445, -17.22307777404785, -20.738895416259766, -16.340660095214844, -14.629602432250977, -19.43501091003418, -15.29676342010498, -21.186107635498047, -16.32538414001465, -19.242652893066406, -13.257889747619629, -11.0614595413208, -19.06966781616211, -14.271440505981445, -23.880077362060547, -19.380617141723633, -14.715261459350586, -15.167922973632812, -13.332722663879395, -18.29142951965332, -9.603785514831543, -22.690078735351562, -16.20025634765625, -19.273759841918945, -18.100704193115234, -19.011348724365234, -12.707096099853516, -19.160558700561523, -20.652294158935547, -14.861798286437988, -17.848661422729492, -13.807602882385254, -12.067503929138184, -16.02218246459961, -17.561195373535156, -10.22252082824707, -17.515769958496094, -16.29020118713379, -18.816410064697266, -12.398056030273438, -19.88887596130371, -14.57882308959961, -13.705163955688477, -15.902936935424805, -18.085004806518555, -19.529308319091797, -13.997843742370605, -20.565147399902344, -11.300130844116211, -14.915934562683105, -15.121960639953613, -20.15772247314453, -21.133682250976562, -17.846939086914062, -17.75381851196289, -19.814653396606445, -15.059287071228027, -11.447380065917969, -15.475340843200684, -15.64557933807373, -16.197917938232422, -15.808793067932129, -16.988101959228516, -18.975994110107422, -14.535629272460938, -17.934804916381836, -14.094844818115234, -21.170927047729492, -21.428789138793945, -24.367408752441406, -15.824800491333008, -15.639993667602539, -18.039175033569336, -20.424955368041992, -17.528789520263672, -22.3568115234375, -15.724323272705078, -18.88247299194336, -22.889373779296875, -22.89521598815918, -15.706467628479004, -18.789897918701172, -18.436786651611328, -14.338651657104492, -12.804877281188965, -13.44046688079834, -16.79596519470215, -17.08065414428711, -17.805269241333008, -17.725515365600586, -15.963478088378906, -15.66623306274414, -17.103750228881836, -15.343844413757324, -16.205738067626953, -15.649895668029785, -16.12347984313965, -18.722309112548828, -14.518378257751465, -15.185420989990234, -16.866666793823242, -20.29643440246582, -18.263242721557617, -20.590660095214844, -19.638423919677734, -23.183975219726562, -15.565794944763184, -18.54508399963379, -12.432268142700195, -19.18682289123535, -12.740427017211914, -17.995498657226562, -22.671485900878906, -14.802669525146484, -23.383630752563477, -23.304367065429688, -16.697860717773438, -13.143878936767578, -21.733972549438477, -12.740468978881836, -13.653721809387207, -20.52884864807129, -16.690719604492188, -18.051713943481445, -15.592668533325195, -21.486347198486328, -17.925743103027344, -18.98248291015625, -16.04836082458496, -21.345932006835938, -13.972209930419922, -18.04909324645996, -15.871109962463379, -21.06368064880371, -18.871946334838867, -15.500064849853516, -15.069748878479004, -17.63117790222168, -17.892995834350586], "crit_sampled": [-9.919852256774902, -17.966514587402344, -20.053499221801758, -10.696318626403809, -14.217562675476074, -10.656352996826172, -15.180169105529785, -12.894588470458984, -12.500370025634766, -15.158764839172363, -11.8472900390625, -12.560132026672363, -20.776206970214844, -14.091590881347656, -11.184688568115234, -16.471052169799805, -16.008527755737305, -15.66747760772705, -11.83742618560791, -10.776468276977539, -13.987369537353516, -8.48625373840332, -10.514912605285645, -13.720281600952148, -9.646512031555176, -15.910887718200684, -16.4038028717041, -11.783601760864258, -13.324840545654297, -9.478350639343262, -14.661751747131348, -5.118595600128174, -21.210506439208984, -12.150607109069824, -14.44722843170166, -10.94237995147705, -14.170942306518555, -7.938333988189697, -16.519447326660156, -15.298319816589355, -10.465927124023438, -17.27176856994629, -6.54107666015625, -9.24241828918457, -11.403097152709961, -11.980140686035156, -7.672051429748535, -12.494098663330078, -12.353921890258789, -15.254158973693848, -8.618000984191895, -17.89619255065918, -12.62376880645752, -10.020225524902344, -11.632173538208008, -14.436558723449707, -16.27524757385254, -9.73588752746582, -15.173280715942383, -11.175899505615234, -10.76189136505127, -12.334491729736328, -14.709012031555176, -15.14438247680664, -15.976028442382812, -16.713542938232422, -13.4378080368042, -14.206972122192383, -11.100691795349121, -10.8272123336792, -10.411917686462402, -12.819380760192871, -11.410160064697266, -14.364319801330566, -13.145088195800781, -13.936887741088867, -12.430916786193848, -12.429849624633789, -18.69357681274414, -13.463242530822754, -23.936838150024414, -16.126413345336914, -14.42026424407959, -13.748190879821777, -13.256747245788574, -14.160660743713379, -15.28713607788086, -10.172307968139648, -17.762367248535156, -18.26418685913086, -14.144278526306152, -13.680438041687012, -12.592185974121094, -12.275686264038086, -11.548662185668945, -9.741759300231934, -9.61817741394043, -14.170886993408203, -10.434362411499023, -15.668904304504395, -12.262007713317871, -12.519732475280762, -10.824082374572754, -14.214953422546387, -12.118755340576172, -12.932287216186523, -13.851794242858887, -13.815986633300781, -15.462112426757812, -11.13294792175293, -14.655041694641113, -16.410886764526367, -15.067239761352539, -16.866430282592773, -13.874038696289062, -10.297404289245605, -18.46841812133789, -14.773858070373535, -16.617197036743164, -9.615089416503906, -11.448617935180664, -14.127305030822754, -18.010051727294922, -14.056818962097168, -10.158249855041504, -16.912439346313477, -18.71463394165039, -15.540628433227539, -11.044054985046387, -17.233530044555664, -9.327913284301758, -9.811885833740234, -14.444828987121582, -15.200239181518555, -12.160689353942871, -10.784475326538086, -17.49554443359375, -16.013301849365234, -17.77971649169922, -10.872426986694336, -15.404712677001953, -11.489898681640625, -16.156200408935547, -11.231938362121582, -16.69343376159668, -15.048601150512695, -12.377449035644531, -12.2503662109375, -14.028943061828613, -11.997889518737793],