{"name": "SPO", "val_loss": 0.004784563033313465, "val_ROC_AUC": 0.8662222222222222, "val_PR_AUC": 0.8597371675534691, "val_crit_real_mean": -19.17445213317871, "val_crit_real_std": 2.958681038694936, "val_crit_sampled_mean": -14.768619384765625, "val_crit_sampled_std": 2.4652199045120233, "crit_real": [-21.86273956298828, -22.254697799682617, -12.686415672302246, -19.89153289794922, -17.25185203552246, -17.282861709594727, -20.328340530395508, -14.73717975616455, -17.772113800048828, -21.515869140625, -21.355161666870117, -19.656524658203125, -18.32448959350586, -19.138490676879883, -22.94012451171875, -20.59353256225586, -17.982887268066406, -13.881826400756836, -20.421642303466797, -20.593753814697266, -20.913597106933594, -19.813034057617188, -19.952375411987305, -18.71212387084961, -20.443479537963867, -17.83489227294922, -22.469526290893555, -13.829547882080078, -22.3803768157959, -22.95458221435547, -18.80255126953125, -19.450483322143555, -22.024131774902344, -24.06934928894043, -19.203582763671875, -15.315446853637695, -24.267107009887695, -20.622119903564453, -19.550262451171875, -19.8156795501709, -14.909173011779785, -17.182279586791992, -23.239850997924805, -18.136564254760742, -23.460241317749023, -19.910457611083984, -20.72772979736328, -20.742067337036133, -21.398181915283203, -16.917219161987305, -17.81563949584961, -18.086061477661133, -22.109928131103516, -17.47266960144043, -18.2567138671875, -21.27431869506836, -20.38888168334961, -15.261483192443848, -22.78480339050293, -22.02342414855957, -18.971681594848633, -15.204306602478027, -15.74988079071045, -18.425439834594727, -19.523269653320312, -20.89623260498047, -18.17263412475586, -21.996217727661133, -22.940629959106445, -23.468006134033203, -18.877548217773438, -17.633533477783203, -22.241697311401367, -20.796768188476562, -21.654075622558594, -18.075639724731445, -21.620615005493164, -14.40441608428955, -18.57891845703125, -16.092365264892578, -21.784832000732422, -18.351097106933594, -22.499731063842773, -18.289541244506836, -14.289449691772461, -15.968698501586914, -20.8460750579834, -16.3923397064209, -19.95022964477539, -19.0587158203125, -14.070866584777832, -21.280479431152344, -17.59500503540039, -14.059062957763672, -19.126834869384766, -19.116506576538086, -13.856215476989746, -25.917327880859375, -18.586381912231445, -18.457735061645508, -23.647146224975586, -17.179533004760742, -18.193401336669922, -15.959291458129883, -26.57160758972168, -19.654096603393555, -17.44683265686035, -24.746017456054688, -19.014476776123047, -23.05343246459961, -18.352615356445312, -13.4530611038208, -14.85027027130127, -18.476791381835938, -20.61178970336914, -16.260761260986328, -21.185546875, -21.62842559814453, -15.595342636108398, -22.967456817626953, -18.47046661376953, -22.85266876220703, -14.435996055603027, -16.316661834716797, -14.874799728393555, -13.955692291259766, -14.407318115234375, -24.412630081176758, -15.493937492370605, -17.081571578979492, -15.453102111816406, -21.420204162597656, -15.380109786987305, -19.366167068481445, -20.86227035522461, -18.390796661376953, -23.178117752075195, -22.321834564208984, -20.071033477783203, -19.9425106048584, -23.4398193359375, -15.720551490783691, -19.869281768798828, -14.03857135772705, -17.608966827392578, -15.98288631439209, -18.881704330444336, -19.629150390625, -23.625579833984375, -20.020545959472656], "crit_sampled": [-16.932180404663086, -15.789658546447754, -11.218118667602539, -12.985733032226562, -17.245887756347656, -14.766708374023438, -12.441665649414062, -11.304222106933594, -14.747023582458496, -16.347074508666992, -15.216584205627441, -16.39532470703125, -11.347253799438477, -15.007000923156738, -16.869558334350586, -14.179386138916016, -14.352530479431152, -12.30206298828125, -14.237802505493164, -16.440160751342773, -16.66390609741211, -18.924367904663086, -16.310394287109375, -12.35232925415039, -16.12945556640625, -14.722813606262207, -17.52908706665039, -9.146739959716797, -15.676204681396484, -13.243412017822266, -15.324304580688477, -16.242366790771484, -16.724287033081055, -15.876850128173828, -11.789679527282715, -12.35969066619873, -14.561418533325195, -17.60476303100586, -16.138704299926758, -16.358110427856445, -8.3981294631958, -12.900069236755371, -16.838695526123047, -15.80957317352295, -17.049741744995117, -18.530960083007812, -17.587295532226562, -17.110788345336914, -12.976286888122559, -18.601890563964844, -13.913409233093262, -11.114773750305176, -15.420846939086914, -16.675031661987305, -12.909538269042969, -16.905330657958984, -14.030515670776367, -14.595605850219727, -15.921402931213379, -12.269783020019531, -15.165038108825684, -15.112988471984863, -10.433463096618652, -10.599329948425293, -14.286385536193848, -15.216556549072266, -17.3035888671875, -13.985135078430176, -15.990464210510254, -16.512470245361328, -12.961328506469727, -10.636850357055664, -18.298757553100586, -21.69156265258789, -14.005836486816406, -14.83884048461914, -14.859882354736328, -12.869601249694824, -14.282422065734863, -12.859131813049316, -16.743337631225586, -16.424396514892578, -16.15614128112793, -16.4422550201416, -15.414457321166992, -14.971390724182129, -16.67945098876953, -13.952079772949219, -18.848045349121094, -14.431159019470215, -13.685234069824219, -13.48859977722168, -12.019943237304688, -12.04440975189209, -15.018917083740234, -12.680265426635742, -12.394904136657715, -17.74087905883789, -16.120168685913086, -13.335823059082031, -14.433162689208984, -11.966775894165039, -18.83240509033203, -9.32789134979248, -21.358196258544922, -10.19619369506836, -16.793413162231445, -20.22962188720703, -18.25823211669922, -18.377023696899414, -10.039637565612793, -12.940627098083496, -13.62978458404541, -13.03528118133545, -16.6367244720459, -13.82528018951416, -16.265703201293945, -16.23238754272461, -11.39311695098877, -19.779808044433594, -12.57186508178711, -12.455479621887207, -15.802718162536621, -12.466443061828613, -11.344327926635742, -11.83841609954834, -15.584077835083008, -13.291662216186523, -14.7211332321167, -13.484521865844727, -15.851232528686523, -11.376296043395996, -10.333524703979492, -16.79210662841797, -18.06734275817871, -14.287718772888184, -13.846782684326172, -18.02469253540039, -13.290493965148926, -15.850144386291504, -16.919628143310547, -13.184815406799316, -17.3252010345459, -11.786407470703125, -15.304856300354004, -14.20876407623291, -13.250494003295898, -14.73419189453125, -15.159135818481445, -14.721183776855469], "fpr": [0.0, 0.0, 0.0, 0.006666666666666667, 0.006666666666666667, 0.013333333333333334, 0.013333333333333334, 0.02, 0.02, 0.03333333333333333, 0.03333333333333333, 0.04, 0.04, 0.06, 0.06, 0.06666666666666667, 0.06666666666666667, 0.08, 0.08, 0.08666666666666667, 0.08666666666666667, 0.09333333333333334, 0.09333333333333334, 0.1, 0.1, 0.11333333333333333, 0.11333333333333333, 0.12, 0.12, 0.12666666666666668, 0.12666666666666668, 0.13333333333333333, 0.13333333333333333, 0.14, 0.14, 0.15333333333333332, 0.15333333333333332, 0.16, 0.16, 0.17333333333333334, 0.17333333333333334, 0.19333333333333333, 0.19333333333333333, 0.2, 0.2, 0.20666666666666667, 0.20666666666666667, 0.21333333333333335, 0.21333333333333335, 0.22, 0.22, 0.22666666666666666, 0.22666666666666666, 0.23333333333333334, 0.23333333333333334, 0.24666666666666667, 0.24666666666666667, 0.26, 0.26, 0.2733333333333333, 0.2733333333333333, 0.28, 0.28, 0.29333333333333333, 0.29333333333333333, 0.32, 0.32, 0.36, 0.36, 0.36666666666666664, 0.36666666666666664, 0.38666666666666666, 0.38666666666666666, 0.42, 0.42, 0.43333333333333335, 0.43333333333333335, 0.44666666666666666, 0.44666666666666666, 0.46, 0.46, 0.5533333333333333, 0.5533333333333333, 0.62, 0.62, 0.7466666666666667, 0.7466666666666667, 0.7866666666666666, 0.7866666666666666, 1.0],