{"name": "SPO", "val_loss": 0.228849580020419, "val_ROC_AUC": 0.8792222222222222, "val_PR_AUC": 0.8813578818313306, "val_crit_real_mean": -19.16388815244039, "val_crit_real_std": 5.994211405904749, "val_crit_sampled_mean": -10.635905467669168, "val_crit_sampled_std": 4.316570340052109, "crit_real": [-21.468982696533203, -18.200326919555664, -33.27873229980469, -25.977630615234375, -30.600000381469727, -25.938274383544922, -23.715356826782227, -22.769763946533203, -17.34294891357422, -19.639238357543945, -19.728906631469727, -19.477758407592773, -15.186619758605957, -20.021034240722656, -29.320402145385742, -26.19895362854004, -18.602264404296875, -10.075093269348145, -22.040178298950195, -13.933026313781738, -21.432537078857422, -19.497182846069336, -11.117938041687012, -16.734058380126953, -20.284648895263672, -10.843327522277832, -18.693727493286133, -27.51176643371582, -14.89477252960205, -41.87966537475586, -25.761913299560547, -26.505199432373047, -25.3902587890625, -14.227149963378906, -15.479554176330566, -14.693391799926758, -19.40898895263672, -7.891515254974365, -13.916912078857422, -25.96206283569336, -19.169429779052734, -15.599482536315918, -18.526540756225586, -17.2185115814209, -16.19598388671875, -9.707371711730957, -11.305903434753418, -26.742408752441406, -14.549515724182129, -17.555416107177734, -10.979121208190918, -23.61675262451172, -27.8752498626709, -24.566743850708008, -19.66074562072754, -33.615509033203125, -21.78485870361328, -14.442459106445312, -22.190656661987305, -16.480281829833984, -10.176626205444336, -7.00174617767334, -21.40436553955078, -10.255332946777344, -15.974691390991211, -18.31985092163086, -17.931550979614258, -11.864245414733887, -10.001641273498535, -14.703105926513672, -24.370752334594727, -13.145625114440918, -19.580528259277344, -16.847034454345703, -18.564559936523438, -19.388105392456055, -10.99448013305664, -25.597715377807617, -22.518909454345703, -15.927972793579102, -32.06775665283203, -17.248632431030273, -13.118265151977539, -26.868566513061523, -20.371463775634766, -14.30090618133545, -24.977153778076172, -24.418659210205078, -10.525437355041504, -18.52676773071289, -20.725839614868164, -13.444512367248535, -12.7681884765625, -24.648530960083008, -12.889117240905762, -33.260189056396484, -30.632572174072266, -17.730663299560547, -16.000228881835938, -24.969799041748047, -19.489450454711914, -23.76097869873047, -20.986244201660156, -19.24422264099121, -17.188581466674805, -14.940207481384277, -19.765485763549805, -26.404335021972656, -12.767814636230469, -29.460834503173828, -21.602460861206055, -10.273439407348633, -15.195944786071777, -21.268497467041016, -23.015296936035156, -21.356197357177734, -9.364886283874512, -17.037874221801758, -22.317113876342773, -23.13226318359375, -15.946502685546875, -18.961273193359375, -15.695013046264648, -21.415809631347656, -21.831966400146484, -10.285140037536621, -16.5609188079834, -16.41525650024414, -18.745912551879883, -19.645837783813477, -20.979829788208008, -22.907697677612305, -13.912837982177734, -13.135899543762207, -19.229995727539062, -23.39055633544922, -22.10580825805664, -16.448118209838867, -9.84484577178955, -22.312265396118164, -13.895833969116211, -25.22492027282715, -21.2522029876709, -25.809980392456055, -21.210887908935547, -9.643106460571289, -20.977996826171875, -21.692161560058594, -14.927725791931152, -10.117695808410645], "crit_sampled": [-4.157409191131592, -9.596298217773438, -13.85345458984375, -12.326874732971191, -13.772360801696777, -14.155014038085938, -17.105968475341797, -8.902010917663574, -17.68199348449707, -18.376041412353516, -8.878960609436035, -9.49941349029541, -9.251513481140137, -11.931873321533203, -13.18224811553955, -3.8659207820892334, -10.302878379821777, -6.212097644805908, -5.28908634185791, -9.45005989074707, -20.14798927307129, -11.56412124633789, -5.920373916625977, -6.462529182434082, -7.187138080596924, -8.651265144348145, -4.94956111907959, -3.7062606811523438, -10.291264533996582, -7.945761680603027, -9.020271301269531, -17.723024368286133, -8.002817153930664, -8.32529067993164, -14.903366088867188, -9.05449390411377, -12.26585578918457, -5.4588422775268555, -15.44874382019043, -15.804706573486328, -8.82576847076416, -8.535253524780273, -8.081777572631836, -14.453348159790039, -7.684182643890381, -8.86104679107666, -6.2774810791015625, -15.561162948608398, -17.242015838623047, -11.209983825683594, -4.2142333984375, -9.334282875061035, -13.532532691955566, -12.722352981567383, -15.779077529907227, -13.739278793334961, -11.514433860778809, -10.78520393371582, -8.266094207763672, -9.204705238342285, -2.807415246963501, -7.432741165161133, -19.0040225982666, -4.735082149505615, -17.103473663330078, -9.027997970581055, -10.5133638381958, -4.569696426391602, -14.77951431274414, -2.673646926879883, -11.424263954162598, -8.685331344604492, -19.580528259277344, -9.16048812866211, -8.1740083694458, -8.072629928588867, -3.2357521057128906, -9.603577613830566, -11.369584083557129, -14.542340278625488, -24.156768798828125, -7.796263217926025, -9.703557968139648, -2.0627317428588867, -2.9875710010528564, -12.462116241455078, -12.160317420959473, -4.824712753295898, -7.943927764892578, -6.458499908447266, -8.122721672058105, -15.244712829589844, -8.03695297241211, -6.854303359985352, -10.569754600524902, -13.136701583862305, -17.743925094604492, -10.122135162353516, -7.110042095184326, -18.76134490966797, -20.911794662475586, -10.318267822265625, -14.43250846862793, -14.779212951660156, -9.407991409301758, -8.87529182434082, -9.570611953735352, -17.435667037963867, -8.396210670471191, -13.334759712219238, -7.739558696746826, -9.400482177734375, -4.09967041015625, -9.412089347839355, -16.285860061645508, -6.79644250869751, -7.202014446258545, -7.675382614135742, -13.671289443969727, -13.154258728027344, -6.383292198181152, -13.98473072052002, -8.459611892700195, -10.77122974395752, -19.500516891479492, -5.8955817222595215, -7.8475775718688965, -5.319607734680176, -10.02572250366211, -7.557137966156006, -11.530674934387207, -15.584320068359375, -12.527158737182617, -12.258074760437012, -13.413159370422363, -16.98467445373535, -13.268994331359863, -6.5903730392456055, -11.220954895019531, -9.493719100952148, -6.858316898345947, -9.25123119354248, -12.702384948730469, -16.713991165161133, -5.114259243011475, -11.159567832946777, -12.903426170349121, -15.017617225646973, -12.324932098388672, -12.619725227355957], "fpr": [0.0, 0.0, 0.0, 0.006666666666666667, 0.006666666666666667, 0.013333333333333334, 0.013333333333333334, 0.02, 0.02, 0.02666666666666667, 0.02666666666666667, 0.04666666666666667, 0.04666666666666667, 0.06, 0.06, 0.08666666666666667, 0.08666666666666667, 0.09333333333333334, 0.09333333333333334, 0.12, 0.12, 0.12666666666666668, 0.12666666666666668, 0.13333333333333333, 0.13333333333333333, 0.15333333333333332, 0.15333333333333332, 0.16666666666666666, 0.16666666666666666, 0.17333333333333334, 0.17333333333333334, 0.18, 0.18, 0.20666666666666667, 0.20666666666666667, 0.22, 0.22, 0.22666666666666666, 0.22666666666666666, 0.24666666666666667, 0.24666666666666667, 0.25333333333333335, 0.25333333333333335, 0.26666666666666666, 0.26666666666666666, 0.28, 0.28, 0.2866666666666667, 0.2866666666666667, 0.3, 0.3, 0.3333333333333333, 0.3333333333333333, 0.36, 0.36, 0.37333333333333335, 0.37333333333333335, 0.38, 0.38, 0.3933333333333333, 0.3933333333333333, 0.4066666666666667, 0.4066666666666667, 0.41333333333333333, 0.41333333333333333, 0.42, 0.42, 0.44, 0.44, 0.48, 0.48, 0.4866666666666667, 0.4866666666666667, 0.54, 0.54, 0.5466666666666666, 0.5866666666666667, 0.5866666666666667, 0.6066666666666667, 0.6066666666666667, 0.8, 0.8, 1.0],