{"name": "SPO", "val_loss": 0.024237534498386146, "val_ROC_AUC": 0.8214222222222222, "val_PR_AUC": 0.7975002516419093, "val_crit_real_mean": -7.414763925075531, "val_crit_real_std": 2.757158223489929, "val_crit_sampled_mean": -4.113692509184281, "val_crit_sampled_std": 2.3783377393144254, "crit_real": [-10.203292846679688, -7.677911281585693, -7.706992149353027, -4.561806678771973, -9.602753639221191, -4.374275207519531, -7.41560173034668, -8.026898384094238, -9.84057903289795, -8.994853973388672, -6.436195373535156, -7.871484279632568, -8.12489128112793, -5.289173126220703, -4.01776123046875, -4.993210315704346, -6.502241134643555, -3.744828939437866, -0.6399078369140625, -2.28800630569458, -6.206120491027832, -13.552618980407715, -6.431697368621826, -10.080272674560547, -7.822437763214111, -8.432516098022461, -5.676296710968018, -14.455910682678223, -10.962494850158691, -6.91876745223999, -2.183486223220825, -2.7885313034057617, -8.390335083007812, -11.534947395324707, -5.431324005126953, -7.889195919036865, -4.3196539878845215, -10.203292846679688, -9.543402671813965, -3.4179940223693848, -9.84057903289795, -8.268229484558105, -4.501468658447266, -5.130883693695068, -7.425957202911377, -7.785610198974609, -6.306484699249268, -5.1577301025390625, -8.371772766113281, -7.864052772521973, -7.426447868347168, -7.40764045715332, -6.927862167358398, -3.878448247909546, -7.205886363983154, -8.871684074401855, -6.698281288146973, -8.641463279724121, -5.166519641876221, -5.701719284057617, -4.659855365753174, -3.321000576019287, -5.609869480133057, -7.438634872436523, -9.841896057128906, -3.5351850986480713, -5.130883693695068, -7.704246520996094, -8.86739730834961, -7.388909816741943, -7.559128761291504, -13.1631441116333, -9.235695838928223, -8.274956703186035, -8.43874454498291, -9.968522071838379, -9.640758514404297, -5.277596950531006, -12.04825496673584, -7.986904621124268, -7.132593154907227, -9.144336700439453, -9.828529357910156, -9.273954391479492, -9.833130836486816, -7.20549201965332, -2.3361945152282715, -6.002913951873779, -5.348505973815918, -7.460158824920654, -8.871684074401855, -10.5831298828125, -6.974924087524414, -5.41264009475708, -4.826942443847656, -8.686347961425781, -10.07369613647461, -4.771254539489746, 1.319151520729065, -14.691157341003418, -4.840620040893555, -6.04683780670166, -6.796034336090088, -5.278418064117432, -13.166070938110352, -8.449499130249023, -6.479985237121582, -7.810181140899658, -6.43741512298584, -9.490777969360352, -9.040125846862793, -13.1631441116333, -4.536543846130371, -8.786279678344727, -14.539668083190918, -5.031899452209473, -3.536823034286499, -2.431365728378296, -7.464670181274414, -9.235695838928223, -5.149348258972168, -5.995036602020264, -10.561504364013672, -7.822437763214111, -7.106483459472656, -7.411071300506592, -5.83632755279541, -11.711206436157227, -3.882423162460327, -7.986392974853516, -9.627062797546387, -9.967175483703613, -5.297500133514404, -11.798091888427734, -8.342264175415039, -7.217247486114502, -8.596830368041992, -3.9370460510253906, -5.988589763641357, -9.246800422668457, -11.537336349487305, -6.378108978271484, -11.415653228759766, -7.376186370849609, -7.310532569885254, -10.486953735351562, -4.772220611572266, -6.267215251922607, -5.569997310638428, -9.694785118103027], "crit_sampled": [-5.878542423248291, -4.0862040519714355, -5.349461555480957, -2.307291269302368, -3.8494622707366943, -1.560853362083435, -3.626506805419922, -5.009610176086426, -3.1755571365356445, -8.008126258850098, -3.550977945327759, -3.264669895172119, -6.493363380432129, -3.794203758239746, -2.6623575687408447, -2.7714390754699707, -1.7266910076141357, -3.8905019760131836, -2.6966392993927, -2.371345281600952, -4.92056941986084, -5.806536674499512, -1.7125682830810547, -5.059611797332764, -2.3330178260803223, -5.56494140625, -3.7399463653564453, -0.6238211393356323, -5.923249244689941, -3.9372289180755615, -1.0905451774597168, -1.1227442026138306, -4.368273735046387, -6.696694850921631, -2.164792776107788, -2.059561252593994, -0.3744971752166748, -9.262396812438965, -9.933204650878906, -0.6346809267997742, -6.4009175300598145, -7.216256618499756, -0.24059538543224335, -4.003448009490967, -5.921355247497559, -6.397539138793945, -4.277698993682861, -4.358178615570068, -4.052868843078613, -1.2720444202423096, -5.144947528839111, -1.3623477220535278, -3.0492053031921387, -3.025825023651123, -5.768749237060547, -4.773831367492676, -6.997897624969482, -6.259382724761963, -3.3849761486053467, -3.7622060775756836, -2.6493172645568848, -0.1206568256020546, -2.5545854568481445, -3.977292060852051, -4.345940113067627, -1.255195140838623, -3.256197929382324, -0.5414636135101318, -4.00968599319458, -6.411573886871338, -4.363502025604248, -8.01102066040039, -0.32330724596977234, -3.776259183883667, -6.0466108322143555, -5.908324241638184, -8.411118507385254, -2.092505931854248, -7.3709330558776855, -5.861001491546631, -4.717999458312988, -0.8919308185577393, -5.771844863891602, -4.699158191680908, -2.069207191467285, -6.365405559539795, -2.3276379108428955, -2.496108055114746, -4.23223352432251, -5.001378059387207, -8.213834762573242, -8.301737785339355, -5.081523418426514, -4.216085433959961, -0.8198239207267761, -5.706993579864502, -8.47339916229248, -6.309334754943848, 0.5818604230880737, -6.315536975860596, -8.651823997497559, -4.011817932128906, -1.5350991487503052, -1.033141851425171, -4.570451736450195, -3.719944953918457, -4.784104347229004, -5.028177738189697, -5.279930591583252, -4.663289546966553, -6.455094337463379, -4.443274021148682, -0.9472701549530029, -4.086564540863037, -7.5206522941589355, -1.1113715171813965, -0.9549490809440613, -2.66166615486145, -2.5067996978759766, -0.41087985038757324, 0.18042677640914917, -3.6356589794158936, -4.222537517547607, 0.14752091467380524, -3.2840120792388916, -3.316547393798828, -4.5927348136901855, -10.814620018005371, -2.935304641723633, -2.3139970302581787, -3.4011337757110596, -6.772580146789551, -3.7891035079956055, -10.870643615722656, -6.216619491577148, -4.838210582733154, -3.8642098903656006, -1.7419984340667725, -2.3831770420074463, -3.2282631397247314, -7.417965412139893, -5.654977321624756, -9.272266387939453, -5.796633243560791, -1.263353943824768, -2.960479736328125, -2.9483695030212402, -5.2377610206604, -1.7251543998718262, -4.718444347381592],