{"name": "SPO", "val_loss": 0.04026153235278976, "val_ROC_AUC": 0.8487111111111111, "val_PR_AUC": 0.8420254952210042, "val_crit_real_mean": -15.704743750890096, "val_crit_real_std": 4.209063692197696, "val_crit_sampled_mean": -10.273083894252776, "val_crit_sampled_std": 3.1735672997947066, "crit_real": [-13.763534545898438, -10.770069122314453, -9.11656665802002, -9.263151168823242, -15.316091537475586, -13.75045108795166, -8.39871597290039, -25.00995445251465, -14.74006175994873, -15.75906753540039, -18.841773986816406, -12.498201370239258, -16.28310203552246, -13.922146797180176, -13.806098937988281, -11.87734603881836, -18.55088233947754, -13.64915657043457, -9.785307884216309, -18.964506149291992, -17.417577743530273, -20.32381820678711, -13.929850578308105, -12.16406536102295, -14.480350494384766, -22.110332489013672, -13.628326416015625, -21.982688903808594, -18.54916000366211, -14.10777473449707, -14.58121395111084, -23.653785705566406, -13.006913185119629, -16.929964065551758, -15.330056190490723, -15.353021621704102, -17.134138107299805, -15.179365158081055, -17.309904098510742, -12.42051887512207, -13.552955627441406, -12.479691505432129, -13.651834487915039, -21.524593353271484, -18.30135726928711, -17.816669464111328, -9.769564628601074, -11.797389030456543, -19.88169288635254, -12.680606842041016, -12.174291610717773, -18.378887176513672, -10.402708053588867, -16.944883346557617, -18.800403594970703, -19.03261375427246, -8.85873794555664, -11.176335334777832, -17.56236457824707, -17.270029067993164, -19.11052894592285, -18.61561393737793, -14.769916534423828, -11.150033950805664, -19.90765380859375, -13.368252754211426, -11.291703224182129, -16.467910766601562, -9.674774169921875, -17.670957565307617, -13.882716178894043, -21.883359909057617, -17.603700637817383, -25.076765060424805, -16.978734970092773, -11.78738021850586, -10.623503684997559, -20.723665237426758, -14.855744361877441, -17.325098037719727, -16.02947425842285, -10.167108535766602, -18.975784301757812, -11.951005935668945, -11.567790031433105, -11.06507396697998, -14.500784873962402, -15.108891487121582, -11.983731269836426, -14.97696304321289, -19.614683151245117, -14.005816459655762, -16.727462768554688, -15.488390922546387, -9.313081741333008, -18.326269149780273, -7.7495293617248535, -22.944711685180664, -15.981977462768555, -19.9386043548584, -15.94459342956543, -15.371026992797852, -22.558612823486328, -7.854366302490234, -17.601783752441406, -16.645797729492188, -11.52328109741211, -11.835062980651855, -28.839590072631836, -10.763092041015625, -15.544301986694336, -13.594696998596191, -17.755338668823242, -16.420143127441406, -17.130083084106445, -25.306684494018555, -8.494170188903809, -9.52462387084961, -15.773648262023926, -17.99797248840332, -18.88312339782715, -19.662487030029297, -20.643285751342773, -22.882427215576172, -11.858379364013672, -19.31159019470215, -10.724037170410156, -20.891996383666992, -19.39694595336914, -16.78807830810547, -17.675291061401367, -11.029789924621582, -16.871387481689453, -20.410371780395508, -16.68546485900879, -23.542715072631836, -17.318727493286133, -12.96333122253418, -16.55889320373535, -13.27712631225586, -15.335655212402344, -18.422807693481445, -13.02934741973877, -15.399292945861816, -25.981538772583008, -15.436173439025879, -13.017633438110352, -6.820242881774902, -22.833261489868164, -10.679519653320312], "crit_sampled": [-8.987787246704102, -7.93643045425415, -3.470945119857788, -7.581569671630859, -9.977588653564453, -9.716400146484375, -7.965599536895752, -16.048635482788086, -11.767952919006348, -11.377228736877441, -11.226872444152832, -7.841197967529297, -8.231952667236328, -11.325155258178711, -6.904747486114502, -8.721989631652832, -10.671149253845215, -10.41627025604248, -4.830902099609375, -9.559005737304688, -10.986635208129883, -13.84559154510498, -10.654909133911133, -8.863052368164062, -7.700742721557617, -16.092430114746094, -7.500951766967773, -10.671191215515137, -9.870340347290039, -10.988361358642578, -14.693342208862305, -16.48259925842285, -7.46766996383667, -13.396048545837402, -8.1294584274292, -11.064835548400879, -12.865556716918945, -12.862277030944824, -10.918755531311035, -6.535857677459717, -8.252348899841309, -6.768045425415039, -5.997631549835205, -13.41226577758789, -12.196087837219238, -8.608428955078125, -8.462342262268066, -8.276246070861816, -10.692742347717285, -11.488534927368164, -8.572907447814941, -9.802882194519043, -8.795846939086914, -12.12995719909668, -12.873414039611816, -12.261428833007812, -6.493134498596191, -7.916823863983154, -8.804130554199219, -10.249582290649414, -13.184380531311035, -13.29859733581543, -11.720907211303711, -4.953451156616211, -15.630999565124512, -5.547039985656738, -8.901023864746094, -10.745759963989258, -4.095008850097656, -8.507121086120605, -10.996033668518066, -10.691452980041504, -9.30290412902832, -17.04152488708496, -11.707274436950684, -11.499187469482422, -10.139833450317383, -6.6578688621521, -6.112583160400391, -9.8659029006958, -12.751957893371582, -8.99720573425293, -14.844303131103516, -12.763461112976074, -5.612298011779785, -13.16869831085205, -8.960484504699707, -11.953351020812988, -7.422345161437988, -8.827549934387207, -7.779226779937744, -12.63480281829834, -1.8864914178848267, -6.447052955627441, -8.292800903320312, -16.990182876586914, -5.675264358520508, -13.377058029174805, -1.3211700916290283, -10.954204559326172, -8.96560287475586, -10.55504322052002, -8.024670600891113, -5.227930545806885, -11.293110847473145, -9.198451042175293, -10.515007019042969, -11.660503387451172, -17.05765151977539, -9.815241813659668, -12.068541526794434, -6.997912406921387, -5.974182605743408, -11.278940200805664, -11.55541706085205, -10.62431812286377, -7.645846366882324, -6.795726776123047, -14.85219669342041, -16.40499496459961, -8.810375213623047, -13.067753791809082, -15.05337905883789, -13.259724617004395, -10.533707618713379, -10.254327774047852, -10.37796401977539, -10.84749984741211, -12.223541259765625, -6.966773986816406, -11.697458267211914, -8.862500190734863, -9.813669204711914, -18.61794090270996, -12.075783729553223, -18.233667373657227, -13.665210723876953, -8.752568244934082, -8.158905029296875, -7.207601070404053, -12.27894115447998, -15.837837219238281, -9.636859893798828, -10.27087688446045, -12.318625450134277, -14.32528305053711, -10.676176071166992, -7.862214088439941, -15.501102447509766, -7.799491882324219], "fpr": [0.0, 0.0, 0.0, 0.006666666666666667, 0.006666666666666667, 0.013333333333333334, 0.013333333333333334, 0.02, 0.02, 0.02666666666666667, 0.02666666666666667, 0.03333333333333333, 0.03333333333333333, 0.04, 0.04, 0.04666666666666667, 0.04666666666666667, 0.05333333333333334, 0.05333333333333334, 0.06666666666666667, 0.06666666666666667, 0.07333333333333333, 0.07333333333333333, 0.08666666666666667, 0.08666666666666667, 0.09333333333333334, 0.09333333333333334, 0.1, 0.1, 0.10666666666666667, 0.10666666666666667, 0.11333333333333333, 0.11333333333333333, 0.12, 0.12, 0.13333333333333333, 0.13333333333333333, 0.14, 0.14, 0.16, 0.16, 0.16666666666666666, 0.16666666666666666, 0.17333333333333334, 0.17333333333333334, 0.18, 0.18, 0.22, 0.22, 0.22666666666666666, 0.22666666666666666, 0.24, 0.24, 0.26, 0.26, 0.26666666666666666, 0.26666666666666666, 0.29333333333333333, 0.29333333333333333, 0.3, 0.3, 0.30666666666666664, 0.30666666666666664, 0.34, 0.34, 0.36, 0.36, 0.3933333333333333, 0.3933333333333333, 0.41333333333333333, 0.41333333333333333, 0.4266666666666667, 0.4266666666666667, 0.44, 0.44, 0.5066666666666667, 0.5066666666666667, 0.5133333333333333, 0.5133333333333333, 0.5266666666666666, 0.5266666666666666, 0.5466666666666666, 0.5466666666666666, 0.5533333333333333, 0.5533333333333333, 0.5666666666666667, 0.5666666666666667, 0.6266666666666667, 0.6266666666666667, 0.7266666666666667, 0.7266666666666667, 0.7733333333333333, 0.7733333333333333, 1.0],