{"name": "DPO", "val_loss": 0.24438217767100773, "val_ROC_AUC": 0.8626222222222223, "val_PR_AUC": 0.8783701288817736, "val_crit_real_mean": -10.060991061528524, "val_crit_real_std": 2.7847640565561496, "val_crit_sampled_mean": -5.89145793641607, "val_crit_sampled_std": 2.618692011923699, "crit_real": [-10.675741195678711, -11.294286727905273, -13.64194107055664, -8.958654403686523, -10.096351623535156, -6.806617259979248, -7.726205825805664, -10.25027084350586, -14.03599739074707, -6.810990810394287, -10.57609748840332, -6.724476337432861, -6.056649208068848, -10.28062915802002, -14.322845458984375, -10.04212760925293, -10.72024154663086, -8.11511516571045, -10.41465950012207, -6.837833404541016, -6.844079494476318, -11.899347305297852, -13.39412784576416, -12.170609474182129, -4.756504058837891, -5.644107818603516, -10.703676223754883, -10.59345817565918, -6.259361267089844, -9.58874225616455, -5.352836608886719, -8.786054611206055, -6.443625450134277, -7.451348304748535, -10.326116561889648, -5.36526346206665, -9.45979118347168, -11.225118637084961, -7.917483329772949, -16.3882999420166, -17.8095645904541, -8.109166145324707, -12.147897720336914, -6.645644664764404, -9.107001304626465, -12.702262878417969, -6.959096908569336, -8.123405456542969, -7.032489776611328, -9.580029487609863, -12.491061210632324, -10.743314743041992, -5.8901448249816895, -11.913958549499512, -12.11025619506836, -13.720968246459961, -12.64266586303711, -11.901548385620117, -8.837440490722656, -11.887932777404785, -10.475751876831055, -7.638940811157227, -6.9402008056640625, -7.892264366149902, -7.301882266998291, -10.943161964416504, -10.596749305725098, -8.380720138549805, -12.151494026184082, -7.547053813934326, -8.794469833374023, -10.220279693603516, -12.889725685119629, -8.003005027770996, -13.544283866882324, -11.333569526672363, -13.748103141784668, -9.781806945800781, -13.658934593200684, -19.695653915405273, -15.720386505126953, -8.58059310913086, -12.011967658996582, -10.695236206054688, -14.952093124389648, -10.405558586120605, -7.203413486480713, -12.910880088806152, -6.985577583312988, -10.452856063842773, -8.636398315429688, -10.086381912231445, -11.049562454223633, -12.5693998336792, -11.273883819580078, -10.624655723571777, -11.865194320678711, -14.766361236572266, -7.957251071929932, -10.4824800491333, -13.130359649658203, -8.131057739257812, -10.930861473083496, -11.428001403808594, -13.076449394226074, -11.409199714660645, -11.594924926757812, -6.923841953277588, -7.526785373687744, -11.837421417236328, -7.718283653259277, -6.830102443695068, -7.365315914154053, -6.194016933441162, -13.524101257324219, -9.217257499694824, -6.832942008972168, -15.450779914855957, -11.53858757019043, -10.822361946105957, -6.089363098144531, -7.012922763824463, -4.753814220428467, -9.816550254821777, -7.2872724533081055, -8.70398998260498, -12.203689575195312, -9.72857666015625, -7.744577884674072, -6.507767677307129, -10.74082088470459, -14.011622428894043, -11.093634605407715, -10.09958553314209, -10.33404541015625, -9.31898021697998, -7.446849822998047, -10.100518226623535, -10.540365219116211, -14.93305492401123, -8.960306167602539, -8.135358810424805, -15.15381145477295, -11.56518268585205, -8.668191909790039, -8.910000801086426, -10.563902854919434, -15.39775276184082, -8.304924964904785, -7.456855773925781], "crit_sampled": [-6.72215461730957, -8.107370376586914, -9.92309284210205, -8.9514799118042, -2.9525978565216064, -3.493194341659546, -5.395012855529785, -10.847378730773926, -9.25655460357666, -3.9698076248168945, -10.978826522827148, -4.593677043914795, -3.2861948013305664, -4.546535968780518, -1.1350350379943848, -0.04793662577867508, -8.618328094482422, -8.61620807647705, -6.134697914123535, -3.028210163116455, -7.467824459075928, -5.221078872680664, -8.626981735229492, -9.832775115966797, -3.2827200889587402, -3.5393686294555664, -5.736687183380127, -5.403639316558838, -3.8540024757385254, -7.328838348388672, -6.9927778244018555, -5.443170070648193, -4.975730895996094, -6.687887191772461, -6.243953704833984, -4.018526077270508, -8.156997680664062, -7.26344633102417, -6.421572208404541, -5.570375442504883, -8.428620338439941, -6.985075950622559, -6.63856840133667, -4.939101219177246, -6.018031597137451, -8.111382484436035, -5.706897735595703, -8.448577880859375, -3.861499309539795, -8.744772911071777, -5.0896992683410645, -3.102877140045166, -3.544980049133301, -3.696946382522583, -9.314934730529785, -11.393985748291016, -8.316718101501465, -5.37497091293335, -5.907170295715332, -4.259941577911377, -5.580090522766113, -4.571760177612305, -6.0643696784973145, -4.684473514556885, -4.233109474182129, -6.788113117218018, -2.3805229663848877, -9.289386749267578, -7.157047271728516, -6.260311126708984, -9.1694917678833, -6.064698696136475, -8.572103500366211, -3.363816499710083, -8.970080375671387, -0.9249715805053711, -2.961289167404175, -5.671178817749023, -3.868259906768799, -8.89079761505127, -9.213573455810547, -6.8217997550964355, -5.674849987030029, -9.15516185760498, 1.6053019762039185, -8.83847713470459, -7.314849376678467, -5.017885684967041, -7.806013584136963, -5.062366962432861, -6.9870405197143555, -8.08584213256836, -11.202683448791504, -6.091664791107178, -2.0936546325683594, -6.23789119720459, -8.673582077026367, -6.070796966552734, -1.7186355590820312, -6.366743564605713, -3.954712152481079, -3.5205183029174805, -5.901957988739014, -4.230159282684326, -5.159789562225342, -6.558013439178467, -6.209682941436768, -5.683692455291748, -5.094897270202637, -7.956326484680176, -6.593606472015381, -4.16923713684082, -4.9205002784729, -5.392158031463623, -12.304576873779297, -7.044990539550781, -4.907553672790527, -11.045562744140625, -5.829961776733398, -7.457918167114258, -4.85888147354126, -5.423396110534668, -5.737789630889893, -3.2842321395874023, -4.243908882141113, -5.424594879150391, -5.916623115539551, -5.380626678466797, -3.428746223449707, -1.079573392868042, -5.740174770355225, -4.795990467071533, -7.845946788787842, -8.137017250061035, -10.14515495300293, -2.911161422729492, -4.037886619567871, 0.3088403344154358, -10.666447639465332, -5.298490047454834, -4.581678867340088, -11.949501991271973, -8.327042579650879, -1.6116443872451782, -2.433779716491699, 0.922568142414093, -3.0752406120300293, -3.0959808826446533, -2.7590999603271484, -5.972188949584961]}