{"name": "DPO", "val_loss": 0.0033375374236970247, "val_ROC_AUC": 0.9486222222222223, "val_PR_AUC": 0.9516021584431293, "val_crit_real_mean": -19.077691300710043, "val_crit_real_std": 2.9471476273710686, "val_crit_sampled_mean": -12.43903322339058, "val_crit_sampled_std": 2.9892788149616965, "crit_real": [-21.743118286132812, -22.10037612915039, -12.608307838439941, -19.740415573120117, -17.203407287597656, -17.236797332763672, -20.248638153076172, -14.622587203979492, -17.713706970214844, -21.44066619873047, -21.30611801147461, -19.560752868652344, -18.223894119262695, -19.01112174987793, -22.80373191833496, -20.458301544189453, -17.867883682250977, -13.838994979858398, -20.26276397705078, -20.44239616394043, -20.780235290527344, -19.6744384765625, -19.74045753479004, -18.61865234375, -20.315250396728516, -17.69603157043457, -22.36304473876953, -13.706294059753418, -22.197710037231445, -22.851520538330078, -18.673505783081055, -19.397912979125977, -21.941692352294922, -23.93796730041504, -19.13705825805664, -15.214092254638672, -24.21346664428711, -20.591650009155273, -19.46009063720703, -19.739044189453125, -14.824426651000977, -17.017587661743164, -23.15433692932129, -17.917177200317383, -23.2539119720459, -19.84968376159668, -20.514772415161133, -20.65471839904785, -21.309749603271484, -16.845355987548828, -17.729402542114258, -17.950719833374023, -21.992660522460938, -17.379432678222656, -18.17019271850586, -21.164602279663086, -20.341663360595703, -15.179216384887695, -22.749849319458008, -21.89082908630371, -18.886240005493164, -15.10306167602539, -15.69999885559082, -18.283065795898438, -19.401845932006836, -20.78623390197754, -18.055944442749023, -21.91558074951172, -22.930133819580078, -23.40656089782715, -18.7696533203125, -17.622758865356445, -22.14903450012207, -20.780563354492188, -21.525156021118164, -17.94925880432129, -21.588397979736328, -14.34385871887207, -18.522226333618164, -16.03717041015625, -21.666072845458984, -18.251556396484375, -22.334840774536133, -18.120853424072266, -14.200837135314941, -15.888165473937988, -20.755916595458984, -16.36315155029297, -19.879762649536133, -19.005996704101562, -14.04390811920166, -21.176212310791016, -17.569265365600586, -13.971174240112305, -19.034963607788086, -19.019189834594727, -13.789928436279297, -25.827009201049805, -18.460073471069336, -18.37688636779785, -23.454784393310547, -17.055288314819336, -18.084468841552734, -15.859395980834961, -26.380937576293945, -19.530317306518555, -17.40241050720215, -24.668521881103516, -18.905750274658203, -22.969511032104492, -18.26213836669922, -13.308676719665527, -14.743101119995117, -18.343862533569336, -20.519376754760742, -16.22341537475586, -21.0340518951416, -21.54006576538086, -15.541216850280762, -22.801231384277344, -18.350290298461914, -22.70856475830078, -14.418567657470703, -16.221473693847656, -14.80898666381836, -13.883435249328613, -14.318641662597656, -24.257265090942383, -15.408268928527832, -17.00737762451172, -15.390715599060059, -21.356428146362305, -15.316439628601074, -19.3289737701416, -20.7315616607666, -18.278635025024414, -23.0994930267334, -22.23155975341797, -19.98211669921875, -19.88425064086914, -23.327239990234375, -15.628134727478027, -19.790372848510742, -13.917658805847168, -17.506074905395508, -15.955038070678711, -18.77701187133789, -19.646522521972656, -23.496658325195312, -19.93052101135254], "crit_sampled": [-17.61588478088379, -9.720223426818848, -10.308692932128906, -10.450477600097656, -11.536089897155762, -9.86481761932373, -10.65040111541748, -6.582728385925293, -13.2388916015625, -16.953222274780273, -12.843664169311523, -11.191617012023926, -14.517205238342285, -11.118144989013672, -13.487574577331543, -0.28490543365478516, -14.014121055603027, -9.000280380249023, -10.650551795959473, -14.21788215637207, -15.416620254516602, -14.132235527038574, -13.915423393249512, -13.263582229614258, -14.115720748901367, -13.99156379699707, -18.195323944091797, -7.3668084144592285, -18.36197853088379, -12.451492309570312, -10.204448699951172, -11.656733512878418, -16.071531295776367, -12.722912788391113, -11.277223587036133, -12.095552444458008, -15.941917419433594, -17.045547485351562, -14.894425392150879, -11.512033462524414, -12.386693000793457, -13.571453094482422, -14.459259986877441, -13.177591323852539, -12.366337776184082, -17.24700927734375, -17.03216552734375, -14.872295379638672, -10.871465682983398, -12.517849922180176, -13.436833381652832, -9.768693923950195, -14.540952682495117, -13.121851921081543, -10.220077514648438, -18.222145080566406, -11.655179023742676, -12.416826248168945, -12.937152862548828, -15.666082382202148, -13.06936264038086, -9.669825553894043, -10.15257740020752, -12.917433738708496, -10.985466957092285, -15.966153144836426, -11.527173042297363, -13.396590232849121, -13.761987686157227, -14.528768539428711, -12.040759086608887, -10.097105026245117, -12.951188087463379, -13.515003204345703, -13.855541229248047, -12.07266616821289, -11.094776153564453, -12.989618301391602, -11.553343772888184, -11.473414421081543, -17.137130737304688, -12.276571273803711, -13.424819946289062, -9.449239730834961, 0.8471420407295227, -14.072830200195312, -12.844061851501465, -12.7793550491333, -14.616673469543457, -9.121805191040039, -8.05130672454834, -14.656210899353027, -6.2048563957214355, -10.33475112915039, -14.051950454711914, -15.718034744262695, -9.535330772399902, -13.24390983581543, -10.287196159362793, -13.978718757629395, -14.537094116210938, -11.25676441192627, -10.883393287658691, -9.239263534545898, -10.04369068145752, -8.233196258544922, -12.646461486816406, -12.879737854003906, -13.96882438659668, -14.603141784667969, -14.876151084899902, -10.026131629943848, -11.220988273620605, -12.663955688476562, -14.482911109924316, -14.253934860229492, -14.754180908203125, -15.608363151550293, -10.466630935668945, -11.67343521118164, -7.3311967849731445, -16.502716064453125, -11.760639190673828, -10.211487770080566, -7.625028610229492, -10.332764625549316, -8.084157943725586, -19.882539749145508, -12.723257064819336, -10.552120208740234, -10.315886497497559, -12.979159355163574, -13.28548812866211, -14.479828834533691, -17.692975997924805, -14.745298385620117, -13.239623069763184, -13.328600883483887, -17.040746688842773, -12.26681137084961, -13.6345796585083, -13.347370147705078, -13.627813339233398, -9.300078392028809, -8.263954162597656, -10.35115909576416, -9.46109390258789, -7.743002891540527, -15.052750587463379, -10.449870109558105], "fpr": [0.0, 0.0, 0.0, 0.006666666666666667, 0.006666666666666667, 0.013333333333333334, 0.013333333333333334, 0.02, 0.02, 0.03333333333333333, 0.03333333333333333, 0.04, 0.04, 0.04666666666666667, 0.04666666666666667, 0.05333333333333334, 0.05333333333333334, 0.06, 0.06, 0.06666666666666667, 0.06666666666666667, 0.08666666666666667, 0.08666666666666667, 0.09333333333333334, 0.09333333333333334, 0.1, 0.1, 0.11333333333333333, 0.11333333333333333, 0.15333333333333332, 0.15333333333333332, 0.16, 0.16, 0.16666666666666666, 0.16666666666666666, 0.17333333333333334, 0.17333333333333334, 0.18666666666666668, 0.18666666666666668, 0.19333333333333333, 0.19333333333333333, 0.2, 0.2, 0.22, 0.22, 0.22666666666666666, 0.22666666666666666, 0.24, 0.24, 0.24666666666666667, 0.24666666666666667, 0.26, 0.26, 0.2866666666666667, 0.2866666666666667, 0.29333333333333333, 0.29333333333333333, 0.36666666666666664, 0.36666666666666664, 0.41333333333333333, 0.41333333333333333, 0.6, 0.6, 1.0],