{"name": "DPO", "val_loss": 0.004393027048236399, "val_ROC_AUC": 0.9531111111111111, "val_PR_AUC": 0.9614746389992099, "val_crit_real_mean": -15.268226356506348, "val_crit_real_std": 2.9652133877076663, "val_crit_sampled_mean": -7.279566596945127, "val_crit_sampled_std": 3.7090642068307957, "crit_real": [-16.411121368408203, -11.110169410705566, -17.330402374267578, -17.39276123046875, -19.541669845581055, -15.138681411743164, -15.056425094604492, -11.895284652709961, -12.44186019897461, -10.79819107055664, -20.351734161376953, -16.59187889099121, -12.41673469543457, -15.113754272460938, -17.182531356811523, -14.717976570129395, -13.69099235534668, -20.756589889526367, -15.479252815246582, -11.575368881225586, -12.106711387634277, -12.27945327758789, -13.027042388916016, -14.020431518554688, -18.2773380279541, -13.895429611206055, -19.316781997680664, -12.752154350280762, -15.300979614257812, -13.1959810256958, -16.573740005493164, -20.189815521240234, -20.12453842163086, -15.591490745544434, -13.108207702636719, -9.174839973449707, -10.780834197998047, -16.925168991088867, -17.545578002929688, -12.6666841506958, -10.6561918258667, -12.800614356994629, -14.579983711242676, -19.22608757019043, -16.051454544067383, -18.28765869140625, -16.33175277709961, -13.380815505981445, -13.027186393737793, -18.706100463867188, -14.534186363220215, -16.86064910888672, -15.267545700073242, -19.970779418945312, -14.216333389282227, -22.904157638549805, -20.07731056213379, -18.033105850219727, -14.216630935668945, -13.812410354614258, -12.40437126159668, -16.143247604370117, -14.930909156799316, -15.06054401397705, -20.442874908447266, -17.943538665771484, -17.016664505004883, -13.7738676071167, -12.52295970916748, -16.038021087646484, -15.661328315734863, -17.855449676513672, -15.262261390686035, -13.605889320373535, -18.024093627929688, -15.397195816040039, -13.265134811401367, -13.383553504943848, -16.985624313354492, -15.886378288269043, -22.50554656982422, -11.597914695739746, -22.139802932739258, -16.688831329345703, -10.119039535522461, -16.644725799560547, -13.2776460647583, -14.292732238769531, -18.075523376464844, -10.929089546203613, -18.585729598999023, -14.527472496032715, -14.992680549621582, -18.329620361328125, -15.847197532653809, -11.809847831726074, -13.834647178649902, -17.203304290771484, -14.50656795501709, -13.456199645996094, -10.795661926269531, -18.728307723999023, -14.188773155212402, -16.08263397216797, -17.395233154296875, -14.624130249023438, -14.892565727233887, -12.844819068908691, -16.146392822265625, -14.567317962646484, -15.009057998657227, -19.268918991088867, -8.422008514404297, -20.162153244018555, -16.20050811767578, -10.253639221191406, -17.0425968170166, -16.372690200805664, -19.218006134033203, -13.618904113769531, -15.239737510681152, -16.40022087097168, -19.24341583251953, -10.731715202331543, -19.19305419921875, -18.584054946899414, -14.679160118103027, -13.614620208740234, -15.335094451904297, -11.54997444152832, -13.565848350524902, -13.190174102783203, -10.243694305419922, -15.612785339355469, -14.838786125183105, -18.280248641967773, -13.666953086853027, -14.329410552978516, -18.102001190185547, -12.455907821655273, -15.23249340057373, -21.18742561340332, -14.869418144226074, -10.006417274475098, -13.709033012390137, -9.846769332885742, -12.985607147216797, -15.91092300415039, -16.74948501586914, -9.289641380310059], "crit_sampled": [-4.7527971267700195, -4.526339530944824, -9.861817359924316, -8.036843299865723, -7.240569114685059, -10.106807708740234, -13.301590919494629, -8.1317138671875, -3.3019027709960938, -7.808712959289551, -11.927638053894043, -3.5510895252227783, -6.7318902015686035, -6.034032821655273, -8.52916145324707, -1.1013942956924438, -10.176986694335938, -13.89804458618164, -1.3214631080627441, -5.813557147979736, -3.3524138927459717, -3.2064170837402344, -3.002694845199585, -11.49795913696289, -1.5076537132263184, -10.422100067138672, -9.861123085021973, -2.509317636489868, -9.687057495117188, -10.886245727539062, -7.122032642364502, -6.822175025939941, -7.6587443351745605, -4.7780961990356445, -6.6826629638671875, -9.446393966674805, -6.0751872062683105, -15.085899353027344, -14.837328910827637, -4.376436710357666, -4.233646869659424, -6.230989933013916, -8.251133918762207, -10.510665893554688, -9.765155792236328, -3.704435110092163, -11.940934181213379, -9.22895622253418, -6.112251281738281, -16.243215560913086, -9.464877128601074, -6.767762660980225, -9.408262252807617, -5.48588228225708, -5.830765724182129, -12.186529159545898, -4.685261249542236, -16.45145034790039, -8.229364395141602, -10.012602806091309, -5.892477035522461, -9.313766479492188, -8.921649932861328, -9.632994651794434, -7.07466459274292, -10.426562309265137, -9.225826263427734, -6.536313533782959, -9.8883056640625, -9.889022827148438, -3.7592954635620117, -8.33188247680664, -5.699152946472168, -2.6007049083709717, -14.848270416259766, -7.590887546539307, 1.3186432123184204, -7.975096225738525, -4.297124862670898, -11.880823135375977, -8.379740715026855, -1.2299896478652954, -16.30936050415039, -12.302125930786133, 2.9838943481445312, -11.92624282836914, -3.2423043251037598, -2.935445785522461, -10.776164054870605, -3.567289113998413, -0.9112095832824707, -7.250439167022705, -11.902682304382324, -1.5146090984344482, -5.0117082595825195, -7.845364093780518, -3.68821382522583, -6.577663898468018, -6.756728172302246, -10.001656532287598, -7.61646842956543, -13.857134819030762, -7.2543044090271, -8.562065124511719, -5.0125532150268555, -2.8366141319274902, -9.686258316040039, -4.731977462768555, -8.23241901397705, -3.8703527450561523, -9.216598510742188, -7.297837257385254, -2.515605926513672, -11.570072174072266, -10.171875953674316, -3.3809659481048584, -6.3913140296936035, -4.236170291900635, -3.2948029041290283, -5.820125102996826, -1.8747528791427612, -12.933083534240723, -7.0560173988342285, -2.260415554046631, -8.81912612915039, -12.23248291015625, -6.652007102966309, -8.371635437011719, -9.333187103271484, -6.296563625335693, -12.372936248779297, -5.721163749694824, -6.048263072967529, -7.787009239196777, -5.7061052322387695, -11.224311828613281, -7.750858783721924, -7.9970383644104, -9.253005027770996, -7.986819267272949, -9.738408088684082, -10.822627067565918, -6.239877700805664, -3.606931686401367, -0.06350144743919373, -4.3033223152160645, -2.7518422603607178, -2.6091244220733643, -5.189901351928711, -2.0494980812072754]}