{"name": "DPO", "val_loss": 0.0037393316280579323, "val_ROC_AUC": 0.9870666666666665, "val_PR_AUC": 0.9879919836056564, "val_crit_real_mean": -17.122286542256674, "val_crit_real_std": 3.000631482365907, "val_crit_sampled_mean": -6.4209213110804555, "val_crit_sampled_std": 3.7205981888988897, "crit_real": [-15.183259010314941, -19.379859924316406, -21.638959884643555, -18.199447631835938, -17.276866912841797, -15.515087127685547, -16.79155158996582, -16.17896270751953, -19.120397567749023, -20.305870056152344, -15.302703857421875, -15.066311836242676, -17.069093704223633, -20.6431884765625, -16.281068801879883, -14.494946479797363, -19.288007736206055, -15.266669273376465, -21.03107261657715, -16.258071899414062, -19.13388442993164, -13.18690299987793, -10.97791862487793, -19.05071258544922, -14.180227279663086, -23.845842361450195, -19.286165237426758, -14.654597282409668, -15.047588348388672, -13.266770362854004, -18.197715759277344, -9.537627220153809, -22.526247024536133, -16.089797973632812, -19.13060760498047, -18.060075759887695, -18.93808364868164, -12.566832542419434, -19.04183006286621, -20.56533432006836, -14.774575233459473, -17.719993591308594, -13.682478904724121, -11.974308013916016, -15.902050018310547, -17.4183292388916, -10.127829551696777, -17.45012855529785, -16.154430389404297, -18.661415100097656, -12.31307315826416, -19.780414581298828, -14.52590274810791, -13.643962860107422, -15.805767059326172, -18.00411033630371, -19.406755447387695, -13.91673755645752, -20.511932373046875, -11.229705810546875, -14.811239242553711, -15.036486625671387, -20.010766983032227, -20.968711853027344, -17.640005111694336, -17.610078811645508, -19.68952751159668, -14.93212890625, -11.347454071044922, -15.383282661437988, -15.555228233337402, -16.149118423461914, -15.724807739257812, -16.91828727722168, -18.867965698242188, -14.449885368347168, -17.857566833496094, -14.003037452697754, -21.017786026000977, -21.297565460205078, -24.209972381591797, -15.695491790771484, -15.552803039550781, -17.926118850708008, -20.435606002807617, -17.39275360107422, -22.257856369018555, -15.637042045593262, -18.723360061645508, -22.799829483032227, -22.81133270263672, -15.570646286010742, -18.655344009399414, -18.352489471435547, -14.294933319091797, -12.771211624145508, -13.340574264526367, -16.658132553100586, -16.95833396911621, -17.748809814453125, -17.665081024169922, -15.86325454711914, -15.577478408813477, -17.041101455688477, -15.206327438354492, -16.080129623413086, -15.542852401733398, -16.011781692504883, -18.628267288208008, -14.443608283996582, -15.057355880737305, -16.83845329284668, -20.182716369628906, -18.14202880859375, -20.496089935302734, -19.530961990356445, -22.98078727722168, -15.45330810546875, -18.334362030029297, -12.314608573913574, -19.066816329956055, -12.657160758972168, -17.85357093811035, -22.584230422973633, -14.67867374420166, -23.254213333129883, -23.133678436279297, -16.58875846862793, -13.082743644714355, -21.6405029296875, -12.617010116577148, -13.566904067993164, -20.413307189941406, -16.60000991821289, -17.89600372314453, -15.476736068725586, -21.337722778320312, -17.78842544555664, -18.87310218811035, -15.980355262756348, -21.2537841796875, -13.923933982849121, -17.901042938232422, -15.806758880615234, -20.89761734008789, -18.770898818969727, -15.429052352905273, -14.972805976867676, -17.508865356445312, -17.75411033630371], "crit_sampled": [-6.885824680328369, -7.228417873382568, -15.770095825195312, -6.555245876312256, -4.901801586151123, -2.875006914138794, -4.844961166381836, -12.118765830993652, -6.368523120880127, -4.759457588195801, -4.529642105102539, -5.509771347045898, -5.228387832641602, -1.9504600763320923, -2.912123918533325, -0.296463280916214, -7.029111862182617, -8.572391510009766, -3.051389217376709, -3.5074498653411865, -5.14487886428833, -0.9043393135070801, -5.50514554977417, -7.816179275512695, -1.5185458660125732, -11.671747207641602, -8.035140037536621, -7.364156723022461, -13.159564971923828, -7.412425994873047, -1.9837679862976074, -5.616098880767822, -6.316458702087402, -4.4497761726379395, -8.645495414733887, -3.0947256088256836, -11.8499116897583, -3.898400068283081, -8.724581718444824, -7.305080413818359, -7.534064769744873, -12.893728256225586, -1.389137625694275, -2.7611682415008545, -8.828186988830566, -7.787703514099121, -8.748255729675293, -7.3975324630737305, -4.339833736419678, -10.470656394958496, -5.621953964233398, -2.96441650390625, -5.080881595611572, -1.4657526016235352, 1.2287020683288574, -11.012518882751465, -8.644844055175781, -8.617364883422852, -13.186156272888184, -3.2282302379608154, -4.093504905700684, -3.932884454727173, -10.105010986328125, -3.0486931800842285, -6.8995208740234375, -10.601502418518066, -4.771392822265625, -3.831070899963379, -7.328055381774902, -14.159689903259277, -0.2276013195514679, -7.189185619354248, -1.6229361295700073, -0.7293543219566345, -13.274759292602539, -2.8478403091430664, -0.6554069519042969, -5.101887226104736, -6.273174285888672, -8.09111213684082, -6.257270336151123, -0.8858733773231506, -9.879866600036621, -9.276137351989746, -5.485426902770996, -9.390595436096191, -11.971367835998535, -5.548137664794922, -7.409626007080078, -10.191182136535645, -1.9280482530593872, -8.693840980529785, -10.058650970458984, -2.3916447162628174, -6.637845039367676, -5.133359909057617, -2.6883127689361572, -5.145368576049805, -0.8793107867240906, -5.729203701019287, -2.354022979736328, -12.470197677612305, -10.363956451416016, -4.402261257171631, -7.662168979644775, -3.465282440185547, -4.321431636810303, -10.178573608398438, -1.9424431324005127, -4.678796768188477, -10.127425193786621, 1.5291969776153564, -4.14494514465332, -13.476190567016602, -13.200300216674805, -6.511273384094238, -9.819952964782715, -5.442115783691406, -5.275853633880615, -0.17706866562366486, -4.83302640914917, -8.2551908493042, -7.107548713684082, -5.097141742706299, -7.370754241943359, -12.030667304992676, -3.1920580863952637, -10.702348709106445, -8.730506896972656, -14.475359916687012, -6.152255535125732, -2.8678994178771973, -7.116691589355469, -5.385532379150391, -8.018333435058594, -11.923710823059082, -3.9221808910369873, -1.0280441045761108, -11.102216720581055, -4.460261821746826, -13.132552146911621, -8.054835319519043, -14.316241264343262, -7.168258190155029, -1.0582624673843384, -11.842392921447754, -3.062126874923706, -4.862847328186035, -6.401987552642822, -4.560850143432617]}