{"name": "DPO", "val_loss": 0.0023729195765904037, "val_ROC_AUC": 0.9848888888888888, "val_PR_AUC": 0.986472117910862, "val_crit_real_mean": -19.077691300710043, "val_crit_real_std": 2.9471476273710686, "val_crit_sampled_mean": -9.340992497205734, "val_crit_sampled_std": 3.5617451185000273, "crit_real": [-21.743118286132812, -22.10037612915039, -12.608307838439941, -19.740415573120117, -17.203407287597656, -17.236797332763672, -20.248638153076172, -14.622587203979492, -17.713706970214844, -21.44066619873047, -21.30611801147461, -19.560752868652344, -18.223894119262695, -19.01112174987793, -22.80373191833496, -20.458301544189453, -17.867883682250977, -13.838994979858398, -20.26276397705078, -20.44239616394043, -20.780235290527344, -19.6744384765625, -19.74045753479004, -18.61865234375, -20.315250396728516, -17.69603157043457, -22.36304473876953, -13.706294059753418, -22.197710037231445, -22.851520538330078, -18.673505783081055, -19.397912979125977, -21.941692352294922, -23.93796730041504, -19.13705825805664, -15.214092254638672, -24.21346664428711, -20.591650009155273, -19.46009063720703, -19.739044189453125, -14.824426651000977, -17.017587661743164, -23.15433692932129, -17.917177200317383, -23.2539119720459, -19.84968376159668, -20.514772415161133, -20.65471839904785, -21.309749603271484, -16.845355987548828, -17.729402542114258, -17.950719833374023, -21.992660522460938, -17.379432678222656, -18.17019271850586, -21.164602279663086, -20.341663360595703, -15.179216384887695, -22.749849319458008, -21.89082908630371, -18.886240005493164, -15.10306167602539, -15.69999885559082, -18.283065795898438, -19.401845932006836, -20.78623390197754, -18.055944442749023, -21.91558074951172, -22.930133819580078, -23.40656089782715, -18.7696533203125, -17.622758865356445, -22.14903450012207, -20.780563354492188, -21.525156021118164, -17.94925880432129, -21.588397979736328, -14.34385871887207, -18.522226333618164, -16.03717041015625, -21.666072845458984, -18.251556396484375, -22.334840774536133, -18.120853424072266, -14.200837135314941, -15.888165473937988, -20.755916595458984, -16.36315155029297, -19.879762649536133, -19.005996704101562, -14.04390811920166, -21.176212310791016, -17.569265365600586, -13.971174240112305, -19.034963607788086, -19.019189834594727, -13.789928436279297, -25.827009201049805, -18.460073471069336, -18.37688636779785, -23.454784393310547, -17.055288314819336, -18.084468841552734, -15.859395980834961, -26.380937576293945, -19.530317306518555, -17.40241050720215, -24.668521881103516, -18.905750274658203, -22.969511032104492, -18.26213836669922, -13.308676719665527, -14.743101119995117, -18.343862533569336, -20.519376754760742, -16.22341537475586, -21.0340518951416, -21.54006576538086, -15.541216850280762, -22.801231384277344, -18.350290298461914, -22.70856475830078, -14.418567657470703, -16.221473693847656, -14.80898666381836, -13.883435249328613, -14.318641662597656, -24.257265090942383, -15.408268928527832, -17.00737762451172, -15.390715599060059, -21.356428146362305, -15.316439628601074, -19.3289737701416, -20.7315616607666, -18.278635025024414, -23.0994930267334, -22.23155975341797, -19.98211669921875, -19.88425064086914, -23.327239990234375, -15.628134727478027, -19.790372848510742, -13.917658805847168, -17.506074905395508, -15.955038070678711, -18.77701187133789, -19.646522521972656, -23.496658325195312, -19.93052101135254], "crit_sampled": [-15.800435066223145, -7.836053371429443, -9.725080490112305, -8.89970588684082, -7.551532745361328, -8.066703796386719, -10.359600067138672, -8.043156623840332, -12.251882553100586, -9.64809513092041, -6.564997673034668, -7.430970668792725, -8.829021453857422, -9.21471118927002, -1.0477392673492432, -3.686818838119507, -14.789138793945312, -10.200357437133789, -6.435012340545654, -8.601079940795898, -10.125458717346191, -7.187877178192139, -7.494962692260742, -11.704254150390625, -9.762202262878418, -10.182147026062012, -9.106098175048828, -10.140917778015137, -12.809029579162598, -9.800025939941406, -5.716005325317383, -11.386777877807617, -12.380412101745605, -10.936656951904297, -9.398058891296387, -3.913818597793579, -14.375056266784668, -12.924216270446777, -13.496950149536133, -10.417739868164062, -9.4489107131958, -14.009358406066895, -13.577383995056152, -10.219907760620117, -9.758705139160156, -15.092142105102539, -15.242871284484863, -11.266003608703613, -9.559752464294434, -17.223804473876953, -11.695487022399902, -8.214019775390625, -11.918249130249023, -11.514883041381836, -6.803777694702148, -16.498607635498047, -12.094613075256348, -13.717448234558105, -13.727630615234375, -6.9837188720703125, -12.814004898071289, -4.2946319580078125, -10.49039077758789, -4.5591325759887695, -9.889205932617188, -13.745829582214355, -8.122343063354492, -8.601729393005371, -12.15546989440918, -11.886738777160645, -9.76082992553711, -4.791981220245361, -6.493552207946777, -11.057149887084961, -13.057832717895508, -1.225382924079895, -7.835367202758789, -4.278241157531738, -11.771449089050293, -11.920303344726562, -15.29833984375, -8.112048149108887, -11.861555099487305, -10.996438026428223, 0.38064736127853394, -6.807878017425537, -3.5503690242767334, -5.521790981292725, -13.608109474182129, -9.951457023620605, -6.73197603225708, -10.897027015686035, -10.862494468688965, -4.054236888885498, -11.218570709228516, -8.028777122497559, -5.7627410888671875, -15.720372200012207, -3.733421564102173, -7.0633158683776855, -4.8824920654296875, -10.336628913879395, -11.598150253295898, -3.9927401542663574, -8.929132461547852, -6.129905700683594, -9.680269241333008, -16.259599685668945, -4.6837077140808105, -7.331971168518066, -11.792375564575195, -6.5377092361450195, -6.599950790405273, -11.036100387573242, -11.933484077453613, -7.404623031616211, -16.106855392456055, -12.502923965454102, -3.2012100219726562, -10.083707809448242, -7.414356231689453, -14.129663467407227, -6.152209281921387, -5.155149936676025, -1.952659010887146, -8.775874137878418, -10.817330360412598, -16.799522399902344, -13.080246925354004, -2.923372983932495, -9.57387924194336, -9.608115196228027, -6.741621494293213, -11.96606731414795, -9.053936958312988, -7.890834808349609, -10.176849365234375, -8.178840637207031, -10.383992195129395, -8.508919715881348, -13.205854415893555, -12.16872501373291, -9.923891067504883, -6.291838645935059, -3.543407440185547, -7.65396785736084, -2.457943916320801, -6.202112674713135, -8.276264190673828, -6.158018112182617], "fpr": [0.0, 0.0, 0.0, 0.006666666666666667, 0.006666666666666667, 0.013333333333333334, 0.013333333333333334, 0.02, 0.02, 0.05333333333333334, 0.05333333333333334, 0.06, 0.06, 0.08, 0.08, 0.1, 0.1, 0.11333333333333333, 0.11333333333333333, 0.13333333333333333, 0.13333333333333333, 0.17333333333333334, 0.17333333333333334, 0.2, 0.2, 0.21333333333333335, 0.21333333333333335, 0.22, 0.22, 0.25333333333333335, 0.25333333333333335, 1.0], "tpr": [0.0, 0.006666666666666667, 0.8266666666666667, 0.8266666666666667, 0.8666666666666667, 0.8666666666666667, 0.8866666666666667, 0.8866666666666667, 0.9066666666666666, 0.9066666666666666, 0.9133333333333333, 0.9133333333333333, 0.92, 0.92, 0.9266666666666666, 0.9266666666666666, 0.9333333333333333, 0.9333333333333333, 0.94, 0.94, 0.9533333333333334, 0.9533333333333334, 0.9666666666666667, 0.9666666666666667, 0.9733333333333334, 0.9733333333333334, 0.98, 0.98, 0.9933333333333333, 0.9933333333333333, 1.0, 1.0]}