{"name": "DPO", "val_loss": 0.03516578610168987, "val_ROC_AUC": 0.9467555555555556, "val_PR_AUC": 0.9529901301185982, "val_crit_real_mean": -17.122286542256674, "val_crit_real_std": 3.000631482365907, "val_crit_sampled_mean": -9.746991449991862, "val_crit_sampled_std": 3.3680779868701127, "crit_real": [-15.183259010314941, -19.379859924316406, -21.638959884643555, -18.199447631835938, -17.276866912841797, -15.515087127685547, -16.79155158996582, -16.17896270751953, -19.120397567749023, -20.305870056152344, -15.302703857421875, -15.066311836242676, -17.069093704223633, -20.6431884765625, -16.281068801879883, -14.494946479797363, -19.288007736206055, -15.266669273376465, -21.03107261657715, -16.258071899414062, -19.13388442993164, -13.18690299987793, -10.97791862487793, -19.05071258544922, -14.180227279663086, -23.845842361450195, -19.286165237426758, -14.654597282409668, -15.047588348388672, -13.266770362854004, -18.197715759277344, -9.537627220153809, -22.526247024536133, -16.089797973632812, -19.13060760498047, -18.060075759887695, -18.93808364868164, -12.566832542419434, -19.04183006286621, -20.56533432006836, -14.774575233459473, -17.719993591308594, -13.682478904724121, -11.974308013916016, -15.902050018310547, -17.4183292388916, -10.127829551696777, -17.45012855529785, -16.154430389404297, -18.661415100097656, -12.31307315826416, -19.780414581298828, -14.52590274810791, -13.643962860107422, -15.805767059326172, -18.00411033630371, -19.406755447387695, -13.91673755645752, -20.511932373046875, -11.229705810546875, -14.811239242553711, -15.036486625671387, -20.010766983032227, -20.968711853027344, -17.640005111694336, -17.610078811645508, -19.68952751159668, -14.93212890625, -11.347454071044922, -15.383282661437988, -15.555228233337402, -16.149118423461914, -15.724807739257812, -16.91828727722168, -18.867965698242188, -14.449885368347168, -17.857566833496094, -14.003037452697754, -21.017786026000977, -21.297565460205078, -24.209972381591797, -15.695491790771484, -15.552803039550781, -17.926118850708008, -20.435606002807617, -17.39275360107422, -22.257856369018555, -15.637042045593262, -18.723360061645508, -22.799829483032227, -22.81133270263672, -15.570646286010742, -18.655344009399414, -18.352489471435547, -14.294933319091797, -12.771211624145508, -13.340574264526367, -16.658132553100586, -16.95833396911621, -17.748809814453125, -17.665081024169922, -15.86325454711914, -15.577478408813477, -17.041101455688477, -15.206327438354492, -16.080129623413086, -15.542852401733398, -16.011781692504883, -18.628267288208008, -14.443608283996582, -15.057355880737305, -16.83845329284668, -20.182716369628906, -18.14202880859375, -20.496089935302734, -19.530961990356445, -22.98078727722168, -15.45330810546875, -18.334362030029297, -12.314608573913574, -19.066816329956055, -12.657160758972168, -17.85357093811035, -22.584230422973633, -14.67867374420166, -23.254213333129883, -23.133678436279297, -16.58875846862793, -13.082743644714355, -21.6405029296875, -12.617010116577148, -13.566904067993164, -20.413307189941406, -16.60000991821289, -17.89600372314453, -15.476736068725586, -21.337722778320312, -17.78842544555664, -18.87310218811035, -15.980355262756348, -21.2537841796875, -13.923933982849121, -17.901042938232422, -15.806758880615234, -20.89761734008789, -18.770898818969727, -15.429052352905273, -14.972805976867676, -17.508865356445312, -17.75411033630371], "crit_sampled": [-7.626809597015381, -16.933345794677734, -10.073452949523926, -3.923096179962158, -10.216504096984863, -4.883586406707764, -6.745552062988281, -9.69051456451416, -10.531444549560547, -13.207839012145996, -9.09652042388916, -11.7305269241333, -13.740852355957031, -12.835013389587402, -12.253941535949707, -10.030220985412598, -16.052358627319336, -13.691984176635742, -5.874155521392822, -10.825011253356934, -6.981393337249756, -3.7429378032684326, -9.852560043334961, -12.23294448852539, -7.53946590423584, -15.760811805725098, -9.501241683959961, -10.532984733581543, -9.927559852600098, -11.789233207702637, -10.007940292358398, -6.449145317077637, -16.840784072875977, -5.942031383514404, -11.326870918273926, -8.068534851074219, -17.195594787597656, -9.266288757324219, -15.436467170715332, -9.43305778503418, -11.075878143310547, -14.252522468566895, -6.858296871185303, -7.019856929779053, -9.698220252990723, -6.890705585479736, -9.220946311950684, -8.554033279418945, -8.833186149597168, -14.315995216369629, -7.1270270347595215, -4.57977819442749, -10.688297271728516, -7.317265033721924, -8.426140785217285, -14.817049980163574, -7.9033355712890625, -9.856477737426758, -15.580601692199707, -6.739613056182861, -5.899721145629883, -6.568629264831543, -11.609886169433594, -8.665274620056152, -7.259161472320557, -12.971651077270508, -8.007207870483398, -10.486878395080566, -10.090753555297852, -10.703977584838867, -4.2559733390808105, -8.4142427444458, -7.398773670196533, -11.224319458007812, -9.583858489990234, -10.966660499572754, -1.5645418167114258, -5.958856105804443, -16.751129150390625, -14.011960983276367, -15.7739839553833, -10.577857971191406, -10.13830280303955, -12.534341812133789, 0.4380640983581543, -14.689403533935547, -14.51793098449707, -9.339886665344238, -12.974507331848145, -12.765100479125977, -9.150694847106934, -10.43238639831543, -4.29571008682251, -6.814295291900635, -5.665228366851807, -7.953950881958008, -9.391521453857422, -9.75516128540039, -8.118576049804688, -10.27975845336914, -13.382372856140137, -10.656105995178223, -5.401192665100098, -5.845614433288574, -6.577274322509766, -11.1478271484375, -10.331212997436523, -10.678254127502441, -9.821160316467285, -10.802417755126953, -14.842235565185547, -2.4524013996124268, -4.931548118591309, -11.949098587036133, -11.624678611755371, -8.826045989990234, -12.937966346740723, -7.867764949798584, -12.764762878417969, -10.709268569946289, -4.479269504547119, -13.073331832885742, -9.275087356567383, -9.374913215637207, -6.452389240264893, -13.1455659866333, -13.206578254699707, -15.11019229888916, -9.25483226776123, -10.965008735656738, -4.36621618270874, -8.244279861450195, -6.248936176300049, -8.431696891784668, -5.908860206604004, -8.386506080627441, -11.577841758728027, -6.234079837799072, -10.44939136505127, -8.162941932678223, -15.43993091583252, -11.13648796081543, -16.461502075195312, -11.036995887756348, -7.8699564933776855, -7.707632541656494, -7.092523574829102, -6.1594414710998535, -9.18111515045166, -9.396210670471191]}