{"name": "DPO", "val_loss": 0.33307526829473016, "val_ROC_AUC": 0.7714666666666666, "val_PR_AUC": 0.7806625688359823, "val_crit_real_mean": -10.060991061528524, "val_crit_real_std": 2.7847640565561496, "val_crit_sampled_mean": -7.298946280479431, "val_crit_sampled_std": 2.4847789139477463, "crit_real": [-10.675741195678711, -11.294286727905273, -13.64194107055664, -8.958654403686523, -10.096351623535156, -6.806617259979248, -7.726205825805664, -10.25027084350586, -14.03599739074707, -6.810990810394287, -10.57609748840332, -6.724476337432861, -6.056649208068848, -10.28062915802002, -14.322845458984375, -10.04212760925293, -10.72024154663086, -8.11511516571045, -10.41465950012207, -6.837833404541016, -6.844079494476318, -11.899347305297852, -13.39412784576416, -12.170609474182129, -4.756504058837891, -5.644107818603516, -10.703676223754883, -10.59345817565918, -6.259361267089844, -9.58874225616455, -5.352836608886719, -8.786054611206055, -6.443625450134277, -7.451348304748535, -10.326116561889648, -5.36526346206665, -9.45979118347168, -11.225118637084961, -7.917483329772949, -16.3882999420166, -17.8095645904541, -8.109166145324707, -12.147897720336914, -6.645644664764404, -9.107001304626465, -12.702262878417969, -6.959096908569336, -8.123405456542969, -7.032489776611328, -9.580029487609863, -12.491061210632324, -10.743314743041992, -5.8901448249816895, -11.913958549499512, -12.11025619506836, -13.720968246459961, -12.64266586303711, -11.901548385620117, -8.837440490722656, -11.887932777404785, -10.475751876831055, -7.638940811157227, -6.9402008056640625, -7.892264366149902, -7.301882266998291, -10.943161964416504, -10.596749305725098, -8.380720138549805, -12.151494026184082, -7.547053813934326, -8.794469833374023, -10.220279693603516, -12.889725685119629, -8.003005027770996, -13.544283866882324, -11.333569526672363, -13.748103141784668, -9.781806945800781, -13.658934593200684, -19.695653915405273, -15.720386505126953, -8.58059310913086, -12.011967658996582, -10.695236206054688, -14.952093124389648, -10.405558586120605, -7.203413486480713, -12.910880088806152, -6.985577583312988, -10.452856063842773, -8.636398315429688, -10.086381912231445, -11.049562454223633, -12.5693998336792, -11.273883819580078, -10.624655723571777, -11.865194320678711, -14.766361236572266, -7.957251071929932, -10.4824800491333, -13.130359649658203, -8.131057739257812, -10.930861473083496, -11.428001403808594, -13.076449394226074, -11.409199714660645, -11.594924926757812, -6.923841953277588, -7.526785373687744, -11.837421417236328, -7.718283653259277, -6.830102443695068, -7.365315914154053, -6.194016933441162, -13.524101257324219, -9.217257499694824, -6.832942008972168, -15.450779914855957, -11.53858757019043, -10.822361946105957, -6.089363098144531, -7.012922763824463, -4.753814220428467, -9.816550254821777, -7.2872724533081055, -8.70398998260498, -12.203689575195312, -9.72857666015625, -7.744577884674072, -6.507767677307129, -10.74082088470459, -14.011622428894043, -11.093634605407715, -10.09958553314209, -10.33404541015625, -9.31898021697998, -7.446849822998047, -10.100518226623535, -10.540365219116211, -14.93305492401123, -8.960306167602539, -8.135358810424805, -15.15381145477295, -11.56518268585205, -8.668191909790039, -8.910000801086426, -10.563902854919434, -15.39775276184082, -8.304924964904785, -7.456855773925781], "crit_sampled": [-6.7220458984375, -8.956608772277832, -8.091110229492188, -9.089452743530273, -6.430802822113037, -4.761743068695068, -6.229669094085693, -10.236738204956055, -8.193902969360352, -5.001986503601074, -11.507667541503906, -2.745030164718628, -5.849127292633057, -6.698606967926025, -7.031571865081787, 0.6056039333343506, -9.391535758972168, -11.891653060913086, -8.191466331481934, -4.770125389099121, -7.850576877593994, -6.246315002441406, -11.403515815734863, -13.181949615478516, -7.48987340927124, -5.52407169342041, -8.58753776550293, -7.96604061126709, -3.6037330627441406, -5.698237419128418, -6.980761528015137, -5.793935298919678, -7.033510684967041, -8.260499000549316, -5.280170917510986, -8.098631858825684, -6.724292278289795, -10.6305570602417, -6.51990270614624, -5.505955696105957, -10.585075378417969, -6.718332290649414, -9.30413818359375, -4.174645900726318, -5.162837982177734, -8.897111892700195, -6.1075544357299805, -8.356182098388672, -5.208868503570557, -9.133184432983398, -6.639664173126221, -5.7898640632629395, -4.179807662963867, -14.532761573791504, -11.630053520202637, -13.308077812194824, -7.20132303237915, -6.3663716316223145, -5.726235389709473, -10.19821548461914, -6.095396518707275, -6.481651306152344, -5.22634744644165, -5.4938273429870605, -6.020901203155518, -6.951872825622559, -5.102548122406006, -7.703445911407471, -9.734001159667969, -7.102203369140625, -12.870862007141113, -6.308897018432617, -6.731269359588623, -8.780329704284668, -7.6219658851623535, -5.279953479766846, -9.321073532104492, -7.418697834014893, -8.134621620178223, -12.852325439453125, -10.047235488891602, -7.008927345275879, -9.314149856567383, -8.5396089553833, -1.6627466678619385, -8.003678321838379, -3.801677703857422, -4.230466365814209, -10.100415229797363, -8.4324312210083, -5.77442741394043, -6.993537425994873, -4.0713043212890625, -6.259792327880859, -9.552997589111328, -7.056402683258057, -10.34533977508545, -8.62509822845459, -3.1547999382019043, -4.1869282722473145, -7.051980018615723, -7.6815080642700195, -10.154034614562988, -5.681905269622803, -9.862011909484863, -9.12055778503418, -4.084898948669434, -3.9824299812316895, -6.266592979431152, -9.387211799621582, -6.00306510925293, -6.012374401092529, -4.1841936111450195, -3.3287086486816406, -12.50566577911377, -8.534064292907715, -5.558562278747559, -6.765380382537842, -6.697244644165039, -10.944710731506348, -5.643336296081543, -7.199450492858887, -3.111475944519043, -7.097090721130371, -4.457452774047852, -7.766188144683838, -6.449304580688477, -9.235398292541504, -5.469089031219482, -2.8976941108703613, -5.597531795501709, -10.06509780883789, -6.539066791534424, -5.792823791503906, -10.485715866088867, -6.375709533691406, -5.597792148590088, -8.385534286499023, -8.815669059753418, -10.211638450622559, -7.760397911071777, -9.175586700439453, -8.7853422164917, -8.950582504272461, -6.7767014503479, -7.826544284820557, -6.659335613250732, -11.45742130279541, -5.104391574859619, -4.165706634521484]}